mesiac,druh,pocet,priemer_eur,vydavky_tis_eur
2012-01,Starobný,959442,348.04,320163
2012-01,Predčasný starobný,30577,368.14,11156
2012-01,Invalidný,223536,262.37,56012
2012-01,Vdovský,299245,146.97,41699
2012-01,Vdovecký,38043,95.83,3543
2012-02,Starobný,958522,348.29,347188
2012-02,Predčasný starobný,29756,368.9,11960
2012-02,Invalidný,224425,262.07,60995
2012-02,Vdovský,298212,147.03,45225
2012-02,Vdovecký,37991,96.14,3842
2012-03,Starobný,960381,348.53,366667
2012-03,Predčasný starobný,29391,370.62,12427
2012-03,Invalidný,224548,261.86,64466
2012-03,Vdovský,298006,147.08,47575
2012-03,Vdovecký,38080,96.37,4056
2012-04,Starobný,962951,348.81,336997.12
2012-04,Predčasný starobný,29003,371.64,11180.32
2012-04,Invalidný,225368,261.69,58939.98
2012-04,Vdovský,297924,147.09,43675.33
2012-04,Vdovecký,38270,96.57,3738.53
2012-05,Starobný,965043,349.03,330432.88
2012-05,Predčasný starobný,27986,371.76,10548.68
2012-05,Invalidný,225777,261.39,57406.02
2012-05,Vdovský,297634,147.09,42457.67
2012-05,Vdovecký,38359,96.67,3668.47
2012-06,Starobný,967344,349.22,364832
2012-06,Predčasný starobný,27289,372.28,11337
2012-06,Invalidný,226403,261.1,63494
2012-06,Vdovský,297532,147.05,46846
2012-06,Vdovecký,38375,96.72,4042
2012-07,Starobný,971364,349.36,318724
2012-07,Predčasný starobný,26512,372.66,9573
2012-07,Invalidný,227076,260.91,55261
2012-07,Vdovský,298064,147.02,40681
2012-07,Vdovecký,38598,96.76,3519
2012-08,Starobný,972297,349.58,371457
2012-08,Predčasný starobný,25731,373.11,10778
2012-08,Invalidný,227162,260.54,64322
2012-08,Vdovský,296980,146.97,47254
2012-08,Vdovecký,38455,96.82,4092
2012-09,Starobný,974263,349.78,322026
2012-09,Predčasný starobný,25013,374.49,9143
2012-09,Invalidný,227175,260.28,55490
2012-09,Vdovský,296568,147.03,40771
2012-09,Vdovecký,38471,96.97,3554
2012-10,Starobný,975951,349.99,382873
2012-10,Predčasný starobný,24944,374.04,10709
2012-10,Invalidný,227188,259.97,65788
2012-10,Vdovský,296799,147.11,48442
2012-10,Vdovecký,38644,97.13,4236
2012-11,Starobný,979290,350.16,353456
2012-11,Predčasný starobný,24927,373.63,9798
2012-11,Invalidný,227770,259.71,60665
2012-11,Vdovský,297727,147.2,44766
2012-11,Vdovecký,38952,97.3,3971
2012-12,Starobný,980863,350.3,350924
2012-12,Predčasný starobný,24404,372.99,9422
2012-12,Invalidný,227801,259.45,60079
2012-12,Vdovský,297828,147.25,44452
2012-12,Vdovecký,39049,97.39,3907
2013-01,Starobný,981576,361.2,354378
2013-01,Predčasný starobný,24163,383.52,9350
2013-01,Invalidný,227902,267,59973
2013-01,Vdovský,297810,151.66,44567
2013-01,Vdovecký,39191,101.3,3987
2013-02,Starobný,976965,361.75,366258
2013-02,Predčasný starobný,25788,388.17,10517
2013-02,Invalidný,228402,266.54,62730
2013-02,Vdovský,296264,151.79,46096
2013-02,Vdovecký,39001,101.76,4146
2013-03,Starobný,977160,362.12,365540
2013-03,Predčasný starobný,25584,387.51,10432
2013-03,Invalidný,228914,266.08,62315
2013-03,Vdovský,296186,151.87,45993
2013-03,Vdovecký,39107,101.95,4152
2013-04,Starobný,976917,362.52,370283
2013-04,Predčasný starobný,25445,385.92,10459
2013-04,Invalidný,229441,265.64,63224
2013-04,Vdovský,295959,151.92,46394
2013-04,Vdovecký,39205,102.11,4186
2013-05,Starobný,976774,362.92,362902
2013-05,Predčasný starobný,25659,384.45,10212
2013-05,Invalidný,229976,265.22,62017
2013-05,Vdovský,295952,151.97,45517
2013-05,Vdovecký,39317,102.29,4147
2013-06,Starobný,976570,363.26,335562
2013-06,Predčasný starobný,25884,382.72,9450
2013-06,Invalidný,230573,264.76,57125
2013-06,Vdovský,295904,151.99,42125
2013-06,Vdovecký,39398,102.21,3909
2013-07,Starobný,977673,363.55,364655
2013-07,Predčasný starobný,25275,382.27,9975
2013-07,Invalidný,231191,264.29,61865
2013-07,Vdovský,295898,152.04,45573
2013-07,Vdovecký,39499,102.33,4198
2013-08,Starobný,978349,363.83,392773
2013-08,Predčasný starobný,24583,381.34,10344
2013-08,Invalidný,231489,263.99,66355
2013-08,Vdovský,295469,152.06,48932
2013-08,Vdovecký,39470,102.3,4471
2013-09,Starobný,979367,364.03,340773
2013-09,Predčasný starobný,24116,382.19,8880
2013-09,Invalidný,231474,263.61,57369
2013-09,Vdovský,294895,152.08,42236
2013-09,Vdovecký,39378,102.35,3904
2013-10,Starobný,981683,364.25,435072
2013-10,Predčasný starobný,23701,382.41,11067
2013-10,Invalidný,231526,263.25,73151
2013-10,Vdovský,295003,152.16,54030
2013-10,Vdovecký,39575,102.5,5017
2013-11,Starobný,986014,364.39,333262
2013-11,Predčasný starobný,23000,382.41,8235
2013-11,Invalidný,231694,263.06,55628
2013-11,Vdovský,295858,152.21,41379
2013-11,Vdovecký,39880,102.63,3823
2013-12,Starobný,988277,364.51,369714
2013-12,Predčasný starobný,21935,382.88,8723
2013-12,Invalidný,231547,262.75,61843
2013-12,Vdovský,295894,152.24,45860
2013-12,Vdovecký,39918,102.68,4237
2014-01,Starobný,991144,373.09,384350
2014-01,Predčasný starobný,21142,391.66,8657
2014-01,Invalidný,231424,268.49,63760
2014-01,Vdovský,296148,155.69,47208
2014-01,Vdovecký,40082,105.72,4457
2014-02,Starobný,990564,373.45,391127
2014-02,Predčasný starobný,21755,392.36,8924
2014-02,Invalidný,231421,268.39,63174
2014-02,Vdovský,294453,155.78,46836
2014-02,Vdovecký,39868,106.07,4462
2014-03,Starobný,994034,373.46,367466
2014-03,Predčasný starobný,21637,393.53,8342
2014-03,Invalidný,231049,267.87,58651
2014-03,Vdovský,294052,155.79,43548
2014-03,Vdovecký,39861,106.2,4259
2014-04,Starobný,998476,373.43,421868
2014-04,Predčasný starobný,21272,393.45,9376
2014-04,Invalidný,230889,267.62,67525
2014-04,Vdovský,293905,155.78,50264
2014-04,Vdovecký,39909,106.28,4881
2014-05,Starobný,1001751,373.51,395627
2014-05,Predčasný starobný,20557,392.08,8492
2014-05,Invalidný,230817,267.33,63270
2014-05,Vdovský,293581,155.77,46906
2014-05,Vdovecký,39893,106.34,4517
2014-06,Starobný,1005325,373.58,369472
2014-06,Predčasný starobný,20137,391.42,7686
2014-06,Invalidný,230837,266.97,59002
2014-06,Vdovský,293304,155.76,43714
2014-06,Vdovecký,39961,106.31,4249
2014-07,Starobný,1009143,373.76,403434
2014-07,Predčasný starobný,20443,389.51,8510
2014-07,Invalidný,231121,266.71,64797
2014-07,Vdovský,293530,155.69,47934
2014-07,Vdovecký,40162,106.29,4598
2014-08,Starobný,1012093,373.96,411341
2014-08,Predčasný starobný,20760,387.51,8829
2014-08,Invalidný,231475,266.34,65837
2014-08,Vdovský,293835,155.67,49025
2014-08,Vdovecký,40320,106.19,4659
2014-09,Starobný,1014044,374.18,365156
2014-09,Predčasný starobný,20802,386.1,7783
2014-09,Invalidný,231651,266.07,58009
2014-09,Vdovský,293513,155.64,43394
2014-09,Vdovecký,40313,106.24,4186
2014-10,Starobný,1014615,374.51,423545
2014-10,Predčasný starobný,21309,384.63,9166
2014-10,Invalidný,232023,265.65,67413
2014-10,Vdovský,293413,155.72,50189
2014-10,Vdovecký,40409,106.36,4824
2014-11,Starobný,1017497,374.73,366132
2014-11,Predčasný starobný,21565,383.74,8023
2014-11,Invalidný,232792,265.34,58192
2014-11,Vdovský,294621,155.85,43653
2014-11,Vdovecký,40829,106.42,4227
2014-12,Starobný,1018814,374.88,422581
2014-12,Predčasný starobný,21348,382.54,9102
2014-12,Invalidný,233009,264.99,67355
2014-12,Vdovský,294986,155.93,50274
2014-12,Vdovecký,40960,106.51,4907
2015-01,Starobný,1019249,380.07,396406
2015-01,Predčasný starobný,21143,386.34,8425
2015-01,Invalidný,233200,268.08,62527
2015-01,Vdovský,295042,158.06,47136
2015-01,Vdovecký,41033,108.42,4572
2015-02,Starobný,1014467,380.6,399707
2015-02,Predčasný starobný,22190,387.4,8985
2015-02,Invalidný,233953,267.51,63511
2015-02,Vdovský,293303,158.22,47421
2015-02,Vdovecký,40783,108.76,4659
2015-03,Starobný,1014222,380.97,373886
2015-03,Predčasný starobný,22853,387.81,8647
2015-03,Invalidný,234167,267.06,59065
2015-03,Vdovský,293001,158.32,44229
2015-03,Vdovecký,40854,108.82,4378
2015-04,Starobný,1015389,382.27,467694
2015-04,Predčasný starobný,22368,388.21,10491
2015-04,Invalidný,234630,266.58,73792
2015-04,Vdovský,293075,158.36,55129
2015-04,Vdovecký,41057,108.79,5365
2015-05,Starobný,1015076,382.83,331624
2015-05,Predčasný starobný,21609,387.6,7255
2015-05,Invalidný,234594,266.14,51811
2015-05,Vdovský,292425,158.21,38858
2015-05,Vdovecký,41015,108.83,3845
2015-06,Starobný,1016376,383.23,402974
2015-06,Predčasný starobný,21173,388.19,8591
2015-06,Invalidný,234892,265.84,63369
2015-06,Vdovský,292612,158.18,47284
2015-06,Vdovecký,41224,108.82,4647
2015-07,Starobný,1019049,383.55,432714
2015-07,Predčasný starobný,20842,388.22,9001
2015-07,Invalidný,235306,265.56,67709
2015-07,Vdovský,292491,158.12,50516
2015-07,Vdovecký,41296,108.82,5001
2015-08,Starobný,1021463,383.75,402176
2015-08,Predčasný starobný,20521,388.74,8270
2015-08,Invalidný,235489,265.19,62600
2015-08,Vdovský,292544,158.12,46932
2015-08,Vdovecký,41370,108.92,4634
2015-09,Starobný,1022934,383.92,379128
2015-09,Predčasný starobný,20161,389.58,7596
2015-09,Invalidný,235470,264.86,58437
2015-09,Vdovský,292117,158.06,43720
2015-09,Vdovecký,41341,108.94,4353
2015-10,Starobný,1025506,384.23,435961
2015-10,Predčasný starobný,19924,389.93,8568
2015-10,Invalidný,235265,264.52,66818
2015-10,Vdovský,291959,158.1,50304
2015-10,Vdovecký,41402,109.09,5014
2015-11,Starobný,1029725,385.23,381547
2015-11,Predčasný starobný,19335,390.29,7303
2015-11,Invalidný,235022,264.38,58223
2015-11,Vdovský,292767,158.15,43939
2015-11,Vdovecký,41649,109.12,4372
2015-12,Starobný,1032197,385.36,480710
2015-12,Predčasný starobný,18351,390.72,8753
2015-12,Invalidný,234451,264.13,73538
2015-12,Vdovský,292827,158.19,55201
2015-12,Vdovecký,41720,109.16,5512
2016-01,Starobný,1034106,387.49,337648
2016-01,Predčasný starobný,17573,392.34,6633
2016-01,Invalidný,234115,265.05,52430
2016-01,Vdovský,292410,158.98,38493
2016-01,Vdovecký,41669,109.98,3872
2016-02,Starobný,1033106,388.09,411555
2016-02,Predčasný starobný,17865,392.88,8770
2016-02,Invalidný,234437,264.65,64487
2016-02,Vdovský,290707,159.12,46676
2016-02,Vdovecký,41356,110.29,4746
2016-03,Starobný,1035022,388.34,422032
2016-03,Predčasný starobný,18229,394.62,8567
2016-03,Invalidný,234295,264.42,65682
2016-03,Vdovský,290686,159.12,47731
2016-03,Vdovecký,41475,110.33,4883
2016-04,Starobný,1036702,389.01,433606
2016-04,Predčasný starobný,18538,393.97,8724
2016-04,Invalidný,233833,264.11,67065
2016-04,Vdovský,290905,159.11,48901
2016-04,Vdovecký,42182,109.74,5039
2016-05,Starobný,1039068,389.4,390178
2016-05,Predčasný starobný,18602,392.48,8180
2016-05,Invalidný,233459,263.79,60766
2016-05,Vdovský,291439,159.03,43650
2016-05,Vdovecký,42932,109.19,4599
2016-06,Starobný,1041894,389.83,426423
2016-06,Predčasný starobný,18858,391.81,8769
2016-06,Invalidný,233479,263.46,66333
2016-06,Vdovský,292344,158.9,48161
2016-06,Vdovecký,43574,108.76,5077
2016-07,Starobný,1043914,390.2,410084
2016-07,Predčasný starobný,19135,390.03,8319
2016-07,Invalidný,233791,263.14,63114
2016-07,Vdovský,293708,158.81,46174
2016-07,Vdovecký,44386,108.17,4856
2016-08,Starobný,1044737,390.51,449225
2016-08,Predčasný starobný,19215,388.3,9324
2016-08,Invalidný,234308,262.67,69376
2016-08,Vdovský,294553,158.79,50737
2016-08,Vdovecký,44950,107.81,5414
2016-09,Starobný,1045209,390.8,417179
2016-09,Predčasný starobný,19502,387.92,9055
2016-09,Invalidný,234592,262.24,63682
2016-09,Vdovský,294953,158.75,47283
2016-09,Vdovecký,45179,107.6,5026
2016-10,Starobný,1045110,391.15,417772
2016-10,Predčasný starobný,20016,388.06,9278
2016-10,Invalidný,234835,261.94,64228
2016-10,Vdovský,295221,158.79,47278
2016-10,Vdovecký,45419,107.45,5064
2016-11,Starobný,1047599,391.35,394119
2016-11,Predčasný starobný,20351,387.53,8987
2016-11,Invalidný,235208,261.68,60536
2016-11,Vdovský,296224,158.86,44732
2016-11,Vdovecký,45766,107.44,4858
2016-12,Starobný,1048842,391.53,447581
2016-12,Predčasný starobný,20232,386.58,9970
2016-12,Invalidný,235131,261.41,68569
2016-12,Vdovský,296569,158.91,50663
2016-12,Vdovecký,45959,107.46,5494
2017-01,Starobný,1049276,399.26,402640
2017-01,Predčasný starobný,19696,395.19,9476
2017-01,Invalidný,236056,266.56,60927
2017-01,Vdovský,296799,162.13,45560
2017-01,Vdovecký,46254,110.19,4969
2017-02,Starobný,1042762,399.96,423802
2017-02,Predčasný starobný,21502,399.34,11585
2017-02,Invalidný,237534,266.31,64561
2017-02,Vdovský,294873,162.38,48088
2017-02,Vdovecký,46011,110.43,5215
2017-03,Starobný,1042187,400.26,454917
2017-03,Predčasný starobný,22913,405.6,11357
2017-03,Invalidný,237894,266.33,69900
2017-03,Vdovský,294476,162.47,51468
2017-03,Vdovecký,46003,110.43,5640
2017-04,Starobný,1043627,400.92,430768
2017-04,Predčasný starobný,22367,405.66,9848
2017-04,Invalidný,238150,265.97,65809
2017-04,Vdovský,294765,162.52,48399
2017-04,Vdovecký,46177,110.57,5318
2017-05,Starobný,1044871,401.08,402196
2017-05,Predčasný starobný,21247,404.84,8969
2017-05,Invalidný,238282,265.71,62059
2017-05,Vdovský,294691,162.54,45209
2017-05,Vdovecký,46279,110.64,4991
2017-06,Starobný,1046877,401.28,460334
2017-06,Predčasný starobný,20535,405.28,9891
2017-06,Invalidný,238137,265.34,70389
2017-06,Vdovský,294697,162.54,51889
2017-06,Vdovecký,46496,110.63,5686
2017-07,Starobný,1050335,401.54,404043
2017-07,Predčasný starobný,19841,404.48,8212
2017-07,Invalidný,237942,265.04,60388
2017-07,Vdovský,294974,162.47,45109
2017-07,Vdovecký,46702,110.57,4958
2017-08,Starobný,1052813,401.73,506908
2017-08,Predčasný starobný,19005,403.84,10052
2017-08,Invalidný,237413,264.73,75467
2017-08,Vdovský,294745,162.45,56724
2017-08,Vdovecký,46743,110.67,6240
2017-09,Starobný,1055168,401.96,389129
2017-09,Predčasný starobný,18313,404.14,7716
2017-09,Invalidný,237078,264.4,57442
2017-09,Vdovský,294358,162.4,43272
2017-09,Vdovecký,46736,110.68,4759
2017-10,Starobný,1057578,402.22,437860
2017-10,Predčasný starobný,17825,404.19,8448
2017-10,Invalidný,236495,264.11,64443
2017-10,Vdovský,294197,162.43,48498
2017-10,Vdovecký,46754,110.72,5403
2017-11,Starobný,1061138,402.45,418808
2017-11,Predčasný starobný,17112,403.77,7728
2017-11,Invalidný,236188,263.84,61402
2017-11,Vdovský,294672,162.6,46401
2017-11,Vdovecký,46981,110.75,5206
2017-12,Starobný,1064393,402.6,461065
2017-12,Predčasný starobný,16467,403.25,8034
2017-12,Invalidný,235706,263.62,67610
2017-12,Vdovský,294914,162.64,50709
2017-12,Vdovecký,47147,110.84,5701
2018-01,Starobný,1066257,412.25,425415
2018-01,Predčasný starobný,15966,409.37,7233
2018-01,Invalidný,235150,268.69,61427
2018-01,Vdovský,294941,165.88,46493
2018-01,Vdovecký,47263,113.73,5245
2018-02,Starobný,1063885,412.98,452121
2018-02,Predčasný starobný,16654,409.61,8582
2018-02,Invalidný,235112,268.4,64918
2018-02,Vdovský,293469,166.06,49294
2018-02,Vdovecký,47028,114.08,5550
2018-03,Starobný,1064569,413.48,480203
2018-03,Predčasný starobný,17286,411.87,9105
2018-03,Invalidný,234906,268.29,68328
2018-03,Vdovský,292996,166.09,52007
2018-03,Vdovecký,47015,114.16,5887
2018-04,Starobný,1064099,414.47,455566
2018-04,Predčasný starobný,17228,412.26,7911
2018-04,Invalidný,235183,268.38,65499
2018-04,Vdovský,292398,166.14,49186
2018-04,Vdovecký,46956,114.2,5569
2018-05,Starobný,1064259,415.09,435580
2018-05,Predčasný starobný,16733,411.11,7476
2018-05,Invalidný,236227,268.44,63561
2018-05,Vdovský,292342,166.14,47020
2018-05,Vdovecký,47118,114.26,5387
2018-06,Starobný,1064322,415.79,476721
2018-06,Predčasný starobný,16462,409.67,8043
2018-06,Invalidný,236716,268.21,69048
2018-06,Vdovský,292795,166.24,51577
2018-06,Vdovecký,47346,114.35,5866
2018-07,Starobný,1064355,416.34,429107
2018-07,Predčasný starobný,16331,407.3,7006
2018-07,Invalidný,237530,267.96,61269
2018-07,Vdovský,293143,166.24,46158
2018-07,Vdovecký,47621,114.37,5285
2018-08,Starobný,1063943,417,487731
2018-08,Predčasný starobný,16059,406.26,7892
2018-08,Invalidný,237817,267.68,69456
2018-08,Vdovský,293099,166.19,52417
2018-08,Vdovecký,47773,114.43,6009
2018-09,Starobný,1063687,417.64,426819
2018-09,Predčasný starobný,15892,405.53,7420
2018-09,Invalidný,237715,267.45,60726
2018-09,Vdovský,292655,166.17,45869
2018-09,Vdovecký,47737,114.39,5282
2018-10,Starobný,1063912,418.25,489823
2018-10,Predčasný starobný,15682,407.5,8381
2018-10,Invalidný,237492,267.24,70635
2018-10,Vdovský,292616,166.27,52859
2018-10,Vdovecký,47829,114.54,6144
2018-11,Starobný,1066844,418.51,458558
2018-11,Predčasný starobný,15489,407.94,7561
2018-11,Invalidný,237701,267.08,65795
2018-11,Vdovský,293473,166.41,49565
2018-11,Vdovecký,48147,114.7,5791
2018-12,Starobný,1069255,418.69,455098
2018-12,Predčasný starobný,14879,407.9,7158
2018-12,Invalidný,237616,266.83,65136
2018-12,Vdovský,294053,166.58,49197
2018-12,Vdovecký,48348,114.79,5700
2019-01,Starobný,1070083,429.99,453060
2019-01,Predčasný starobný,14595,419.46,7270
2019-01,Invalidný,237302,273.75,64404
2019-01,Vdovský,294124,171.32,48753
2019-01,Vdovecký,48480,118.07,5652
2019-02,Starobný,1066385,430.63,471461
2019-02,Predčasný starobný,15815,422.11,8979
2019-02,Invalidný,237228,273.73,66337
2019-02,Vdovský,292304,171.56,50641
2019-02,Vdovecký,48265,118.32,5929
2019-03,Starobný,1067925,430.97,467589
2019-03,Predčasný starobný,17022,428.11,8064
2019-03,Invalidný,236804,273.69,65140
2019-03,Vdovský,292139,171.61,49737
2019-03,Vdovecký,48339,118.36,5806
2019-04,Starobný,1069698,431.99,508764
2019-04,Predčasný starobný,16408,429.51,8231
2019-04,Invalidný,236344,273.56,70996
2019-04,Vdovský,291828,171.61,53962
2019-04,Vdovecký,48369,118.43,6320
2019-05,Starobný,1071947,432.42,479653
2019-05,Predčasný starobný,15668,430.1,7682
2019-05,Invalidný,236141,273.51,68211
2019-05,Vdovský,291737,171.61,50890
2019-05,Vdovecký,48467,118.5,6065
2019-06,Starobný,1074409,432.92,448202
2019-06,Predčasný starobný,15130,430.96,6976
2019-06,Invalidný,236824,273.8,62769
2019-06,Vdovský,292182,171.63,47500
2019-06,Vdovecký,48713,118.57,5599
2019-07,Starobný,1077394,433.22,481776
2019-07,Predčasný starobný,14691,430.98,7273
2019-07,Invalidný,236531,273.83,67335
2019-07,Vdovský,292503,171.61,50787
2019-07,Vdovecký,48923,118.57,6012
2019-08,Starobný,1078934,433.42,507550
2019-08,Predčasný starobný,14292,431.12,7527
2019-08,Invalidný,236319,273.81,69684
2019-08,Vdovský,292314,171.62,53705
2019-08,Vdovecký,48976,118.7,6344
2019-09,Starobný,1080540,433.58,452435
2019-09,Predčasný starobný,13922,432.81,6597
2019-09,Invalidný,235708,273.7,62062
2019-09,Vdovský,291994,171.61,47590
2019-09,Vdovecký,49000,118.78,5636
2019-10,Starobný,1082323,433.88,564648
2019-10,Predčasný starobný,13988,432.09,7866
2019-10,Invalidný,235155,273.65,77170
2019-10,Vdovský,292041,171.72,59645
2019-10,Vdovecký,49148,118.91,7156
2019-11,Starobný,1086241,434.12,432567
2019-11,Predčasný starobný,13756,431.21,5848
2019-11,Invalidný,234902,273.57,59269
2019-11,Vdovský,292991,171.81,45404
2019-11,Vdovecký,49487,119.06,5452
2019-12,Starobný,1088300,434.23,483616
2019-12,Predčasný starobný,13194,429.86,6290
2019-12,Invalidný,234346,273.39,66328
2019-12,Vdovský,293017,171.87,50724
2019-12,Vdovecký,49508,119.11,6067
2020-01,Starobný,1088208,449.42,500605
2020-01,Predčasný starobný,13004,440.87,6413
2020-01,Invalidný,234015,281.34,67953
2020-01,Vdovský,292648,177.25,52498
2020-01,Vdovecký,49452,122.86,6293
2020-02,Starobný,1082544,452.98,496210
2020-02,Predčasný starobný,13589,441.98,7237
2020-02,Invalidný,234749,281.36,67904
2020-02,Vdovský,291145,177.6,52106
2020-02,Vdovecký,49264,123.24,6267
2020-03,Starobný,1082804,453.42,472283
2020-03,Predčasný starobný,14149,443.8,6927
2020-03,Invalidný,234734,281.35,63942
2020-03,Vdovský,291143,177.74,49186
2020-03,Vdovecký,49306,123.26,5916
2020-04,Starobný,1082527,454.56,584764
2020-04,Predčasný starobný,14280,444.08,8746
2020-04,Invalidný,234364,281.39,79493
2020-04,Vdovský,290665,177.85,61065
2020-04,Vdovecký,49272,123.39,7354
2020-05,Starobný,1082406,455.1,418005
2020-05,Predčasný starobný,14320,445.13,6565
2020-05,Invalidný,234127,281.31,56449
2020-05,Vdovský,290136,177.92,43245
2020-05,Vdovecký,49217,123.55,5197
2020-06,Starobný,1083919,455.76,501799
2020-06,Predčasný starobný,14476,446.64,7593
2020-06,Invalidný,233629,281.49,67773
2020-06,Vdovský,290130,177.96,52060
2020-06,Vdovecký,49230,123.54,6235
2020-07,Starobný,1083978,456.35,535493
2020-07,Predčasný starobný,14374,449.57,8119
2020-07,Invalidný,234236,281.85,72780
2020-07,Vdovský,289972,178.03,55306
2020-07,Vdovecký,49210,123.62,6652
2020-08,Starobný,1084479,456.88,503503
2020-08,Predčasný starobný,14300,454.19,7503
2020-08,Invalidný,235047,282.15,67943
2020-08,Vdovský,290032,178.18,52239
2020-08,Vdovecký,49333,123.76,6309
2020-09,Starobný,1085879,457.26,476343
2020-09,Predčasný starobný,13750,455.3,7500
2020-09,Invalidný,234677,282,64787
2020-09,Vdovský,289707,178.27,49235
2020-09,Vdovecký,49295,123.8,5980
2020-10,Starobný,1086952,457.63,538516
2020-10,Predčasný starobný,13506,457.74,8604
2020-10,Invalidný,234312,282.06,73072
2020-10,Vdovský,289793,178.36,55665
2020-10,Vdovecký,49442,123.95,6750
2020-11,Starobný,1090315,457.8,478595
2020-11,Predčasný starobný,13239,463.25,7206
2020-11,Invalidný,233951,282.07,64759
2020-11,Vdovský,290492,178.42,49540
2020-11,Vdovecký,49740,124.12,6027
2020-12,Starobný,1093195,458,590946
2020-12,Predčasný starobný,12203,470.47,7660
2020-12,Invalidný,233461,282.21,78390
2020-12,Vdovský,290680,178.51,61066
2020-12,Vdovecký,49915,124.25,7403
2021-01,Starobný,1094184,468.95,439183
2021-01,Predčasný starobný,11720,482.72,5533
2021-01,Invalidný,232829,289.6,57107
2021-01,Vdovský,290536,183.37,44880
2021-01,Vdovecký,49867,127.89,5444
2021-02,Starobný,1085427,469.76,517542
2021-02,Predčasný starobný,11984,483.72,6715
2021-02,Invalidný,232526,289.35,67823
2021-02,Vdovský,286656,183.75,52933
2021-02,Vdovecký,48854,128.39,6439
2021-03,Starobný,1083038,470.07,531649
2021-03,Predčasný starobný,11917,486.95,7895
2021-03,Invalidný,231741,289.16,68605
2021-03,Vdovský,285542,183.91,53746
2021-03,Vdovecký,48605,128.63,6500
2021-04,Starobný,1080271,471.22,548608
2021-04,Predčasný starobný,12024,490.41,7751
2021-04,Invalidný,230357,289.09,70435
2021-04,Vdovský,284590,184.04,55037
2021-04,Vdovecký,48488,128.8,6664
2021-05,Starobný,1081483,471.87,502958
2021-05,Predčasný starobný,11953,490.72,7367
2021-05,Invalidný,229236,289.21,64995
2021-05,Vdovský,284430,184.11,50172
2021-05,Vdovecký,48503,128.88,6126
2021-06,Starobný,1084226,472.66,578885
2021-06,Predčasný starobný,11798,490.08,7700
2021-06,Invalidný,228315,289.45,69908
2021-06,Vdovský,285447,184.29,53934
2021-06,Vdovecký,48870,128.96,6654
2021-07,Starobný,1087176,473.29,563505
2021-07,Predčasný starobný,11917,489.04,8269
2021-07,Invalidný,228010,289.7,72653
2021-07,Vdovský,287045,184.54,57090
2021-07,Vdovecký,49520,129.12,7075
2021-08,Starobný,1090935,473.87,534038
2021-08,Predčasný starobný,10271,494.57,6954
2021-08,Invalidný,227878,289.9,67905
2021-08,Vdovský,287870,184.79,53994
2021-08,Vdovecký,49935,129.24,6715
2021-09,Starobný,1091310,474.32,513206
2021-09,Predčasný starobný,10958,497.54,7479
2021-09,Invalidný,228220,290.27,65366
2021-09,Vdovský,287936,184.84,51795
2021-09,Vdovecký,50130,129.31,6470
2021-10,Starobný,1092782,474.75,561207
2021-10,Predčasný starobný,11711,498.58,8303
2021-10,Invalidný,228653,290.61,71234
2021-10,Vdovský,288317,184.9,56656
2021-10,Vdovecký,50295,129.34,7072
2021-11,Starobný,1095027,474.96,505125
2021-11,Predčasný starobný,11545,496.94,7410
2021-11,Invalidný,228059,290.55,64103
2021-11,Vdovský,288526,184.92,51123
2021-11,Vdovecký,50391,129.35,6400
2021-12,Starobný,1096225,475.49,562380
2021-12,Predčasný starobný,11992,495.75,8368
2021-12,Invalidný,227426,290.61,72532
2021-12,Vdovský,288423,185.08,56843
2021-12,Vdovecký,50459,129.55,7144
2022-01,Starobný,1096396,481.32,515384
2022-01,Predčasný starobný,11409,500.39,7223
2022-01,Invalidný,226723,294.27,65585
2022-01,Vdovský,288007,187.64,51733
2022-01,Vdovecký,50436,131.42,6536
2022-02,Starobný,1090307,482.23,538119
2022-02,Predčasný starobný,12332,500.17,8064
2022-02,Invalidný,226446,294.65,67832
2022-02,Vdovský,286059,188.03,54394
2022-02,Vdovecký,50223,132.09,6872
2022-03,Starobný,1091552,482.62,549398
2022-03,Predčasný starobný,12429,503.63,7770
2022-03,Invalidný,225975,294.71,68947
2022-03,Vdovský,286838,188.22,55515
2022-03,Vdovecký,50645,132.28,7035
2022-04,Starobný,1091009,483.85,566845
2022-04,Predčasný starobný,12212,504.77,7628
2022-04,Invalidný,225259,294.87,70647
2022-04,Vdovský,286839,188.44,57114
2022-04,Vdovecký,50790,132.41,7257
2022-05,Starobný,1092380,484.49,519419
2022-05,Predčasný starobný,11891,502.91,7303
2022-05,Invalidný,224651,295.1,65573
2022-05,Vdovský,287127,188.58,52096
2022-05,Vdovecký,51052,132.5,6698
2022-06,Starobný,1096369,484.98,556366
2022-06,Predčasný starobný,11806,501.87,7484
2022-06,Invalidný,224577,295.26,69838
2022-06,Vdovský,288140,188.63,55861
2022-06,Vdovecký,51465,132.43,7183
2022-07,Starobný,1099296,486.12,541858
2022-07,Predčasný starobný,11446,500.28,6790
2022-07,Invalidný,224238,295.31,66892
2022-07,Vdovský,288612,188.64,54234
2022-07,Vdovecký,51716,132.46,6936
2022-08,Starobný,1099287,486.12,576284
2022-08,Predčasný starobný,11582,497.33,7554
2022-08,Invalidný,224217,295.59,71304
2022-08,Vdovský,287780,188.8,57794
2022-08,Vdovecký,51578,132.48,7392
2022-09,Starobný,1100429,486.58,550438
2022-09,Predčasný starobný,11770,498.79,7351
2022-09,Invalidný,224011,295.82,67679
2022-09,Vdovský,287383,188.88,54931
2022-09,Vdovecký,51558,132.6,7042
2022-10,Starobný,1102360,487.06,554864
2022-10,Predčasný starobný,11770,499.36,7458
2022-10,Invalidný,223749,296.09,67831
2022-10,Vdovský,287774,188.95,55306
2022-10,Vdovecký,51778,132.72,7217
2022-11,Starobný,1104225,487.36,523539
2022-11,Predčasný starobný,12112,503.3,7280
2022-11,Invalidný,224055,296.45,64748
2022-11,Vdovský,288455,189.02,52246
2022-11,Vdovecký,52046,132.76,6736
2022-12,Starobný,1104304,487.75,583008
2022-12,Predčasný starobný,12311,507.75,8428
2022-12,Invalidný,224143,296.83,72455
2022-12,Vdovský,288358,189.12,58240
2022-12,Vdovecký,52084,132.88,7509
2023-01,Starobný,1105403,541.92,603645
2023-01,Predčasný starobný,12061,566.92,8048
2023-01,Invalidný,223698,331.84,74960
2023-01,Vdovský,288316,211.52,60169
2023-01,Vdovecký,52063,148.59,7829
2023-02,Starobný,1100987,542.85,619189
2023-02,Predčasný starobný,12981,568.74,11241
2023-02,Invalidný,223698,332.78,76489
2023-02,Vdovský,286937,212.08,61866
2023-02,Vdovecký,51838,149.23,8039
2023-03,Starobný,1102878,543.13,651037
2023-03,Predčasný starobný,13993,589.48,11018
2023-03,Invalidný,223244,333.11,80594
2023-03,Vdovský,287520,212.31,65728
2023-03,Vdovecký,52085,149.62,8611
2023-04,Starobný,1102785,544.42,623393
2023-04,Predčasný starobný,13986,595.02,10164
2023-04,Invalidný,222810,333.44,76106
2023-04,Vdovský,288175,212.81,62243
2023-04,Vdovecký,52342,150.25,8117
2023-05,Starobný,1104323,545.12,594457
2023-05,Predčasný starobný,13884,599.27,10119
2023-05,Invalidný,222654,333.82,73522
2023-05,Vdovský,288174,212.99,59050
2023-05,Vdovecký,52421,150.5,7712
2023-06,Starobný,1106488,545.92,657677
2023-06,Predčasný starobný,13899,604.2,10823
2023-06,Invalidný,222339,334.21,81070
2023-06,Vdovský,288317,213.04,65442
2023-06,Vdovecký,52638,150.51,8524
2023-07,Starobný,1110234,546.33,598870
2023-07,Predčasný starobný,13589,607.83,9053
2023-07,Invalidný,222320,334.57,71362
2023-07,Vdovský,289093,213.08,59173
2023-07,Vdovecký,52906,150.48,7711
2023-08,Starobný,1112078,604.66,874898
2023-08,Predčasný starobný,12880,673.61,15174
2023-08,Invalidný,221815,369.83,107697
2023-08,Vdovský,289097,235.66,86599
2023-08,Vdovecký,52943,166.4,11325
2023-09,Starobný,1111698,606.18,640627
2023-09,Predčasný starobný,14303,681.88,12557
2023-09,Invalidný,221606,370.72,76536
2023-09,Vdovský,287993,235.99,63190
2023-09,Vdovecký,52674,166.58,8284
2023-10,Starobný,1114611,609.22,708077
2023-10,Predčasný starobný,15072,687.06,14416
2023-10,Invalidný,221430,371.02,83229
2023-10,Vdovský,288387,236.03,69253
2023-10,Vdovecký,52906,166.6,9124
2023-11,Starobný,1116955,609.75,675544
2023-11,Predčasný starobný,14964,691.67,14601
2023-11,Invalidný,220880,371.11,80978
2023-11,Vdovský,288635,236.07,66358
2023-11,Vdovecký,53062,166.65,8716
2023-12,Starobný,1118242,610.3,728611
2023-12,Predčasný starobný,15427,697.53,17389
2023-12,Invalidný,220349,371.25,87338
2023-12,Vdovský,288365,236.19,71488
2023-12,Vdovecký,53045,166.8,9452
2024-01,Starobný,1118247,631.47,703113
2024-01,Predčasný starobný,16667,730.39,24059
2024-01,Invalidný,220538,385.29,85370
2024-01,Vdovský,288325,244.85,68605
2024-01,Vdovecký,53083,172.92,9030
2024-02,Starobný,1113744,632.97,735080
2024-02,Predčasný starobný,23749,745.14,32340
2024-02,Invalidný,220373,386.81,89477
2024-02,Vdovský,286484,245.19,71968
2024-02,Vdovecký,52715,173.44,9475
2024-03,Starobný,1115298,633.51,756389
2024-03,Predčasný starobný,29102,751.88,43094
2024-03,Invalidný,219272,387.77,91051
2024-03,Vdovský,286744,245.21,73896
2024-03,Vdovecký,52905,173.5,9753
2024-04,Starobný,1115164,634.97,739957
2024-04,Predčasný starobný,35045,754.23,51318
2024-04,Invalidný,217837,388.79,89066
2024-04,Vdovský,286852,245.22,71583
2024-04,Vdovecký,52997,173.59,9515
2024-05,Starobný,1117144,635.86,746541
2024-05,Predčasný starobný,40258,752.88,52931
2024-05,Invalidný,216287,389.56,96148
2024-05,Vdovský,287454,245.3,71847
2024-05,Vdovecký,53272,173.56,9675
2024-06,Starobný,1121502,637.67,709071
2024-06,Predčasný starobný,40869,749.44,35224
2024-06,Invalidný,216931,391.34,91143
2024-06,Vdovský,287936,245.34,68245
2024-06,Vdovecký,53509,173.75,9215
2024-07,Starobný,1124218,638.29,744035
2024-07,Predčasný starobný,42149,743.53,37214
2024-07,Invalidný,217321,392.52,91638
2024-07,Vdovský,288139,245.42,71706
2024-07,Vdovecký,53699,173.87,9567
2024-08,Starobný,1125907,638.94,776134
2024-08,Predčasný starobný,42741,738.28,35483
2024-08,Invalidný,217388,393.51,95827
2024-08,Vdovský,288015,245.48,75003
2024-08,Vdovecký,53737,173.91,10068
2024-09,Starobný,1127657,639.63,710378
2024-09,Predčasný starobný,41907,736.55,31368
2024-09,Invalidný,217721,394.54,86808
2024-09,Vdovský,288001,245.62,68402
2024-09,Vdovecký,53850,174.01,9194
2024-10,Starobný,1129519,640.29,864896
2024-10,Predčasný starobný,40919,735.05,32368
2024-10,Invalidný,217751,395.39,105648
2024-10,Vdovský,288177,245.82,82774
2024-10,Vdovecký,53851,174.21,11127
2024-11,Starobný,1133049,641.92,674157
2024-11,Predčasný starobný,39909,732.23,28186
2024-11,Invalidný,218037,396.1,80881
2024-11,Vdovský,288877,245.98,64669
2024-11,Vdovecký,54259,174.31,8706
2024-12,Starobný,1134690,642.35,748385
2024-12,Predčasný starobný,39055,729.3,30842
2024-12,Invalidný,217975,396.51,87931
2024-12,Vdovský,289000,246.13,71859
2024-12,Vdovecký,54352,174.42,9761
2025-01,Starobný,1136638,656.22,773320
2025-01,Predčasný starobný,37969,742.75,33425
2025-01,Invalidný,217836,405.12,92513
2025-01,Vdovský,289151,251.47,73939
2025-01,Vdovecký,54471,178.31,10050
2025-02,Starobný,1133706,657.43,767952
2025-02,Predčasný starobný,39991,741.25,36854
2025-02,Invalidný,217740,405.97,89676
2025-02,Vdovský,287477,251.86,73181
2025-02,Vdovecký,54103,178.78,9875
2025-03,Starobný,1134102,658.04,737202
2025-03,Predčasný starobný,42859,742.35,32229
2025-03,Invalidný,217347,406.76,88707
2025-03,Vdovský,287423,251.94,70231
2025-03,Vdovecký,54138,178.86,9534
2025-04,Starobný,1134148,659.2,807357
2025-04,Predčasný starobný,42538,742.74,34215
2025-04,Invalidný,218105,407.6,97269
2025-04,Vdovský,287911,252.18,76943
2025-04,Vdovecký,54434,179.04,10464
2025-05,Starobný,1134810,659.52,768930
2025-05,Predčasný starobný,41303,739.81,31626
2025-05,Invalidný,218267,408.14,92335
2025-05,Vdovský,288050,252.35,73645
2025-05,Vdovecký,54573,179.22,10043
2025-06,Starobný,1135298,659.91,743599
2025-06,Predčasný starobný,40184,737.45,29347
2025-06,Invalidný,218458,408.59,88202
2025-06,Vdovský,288141,252.49,70401
2025-06,Vdovecký,54692,179.28,9596
2025-07,Starobný,1136583,660.21,780824
2025-07,Predčasný starobný,38512,734.59,29703
2025-07,Invalidný,218686,408.71,93005
2025-07,Vdovský,288242,252.75,74527
2025-07,Vdovecký,54838,179.48,10188
2025-08,Starobný,1137344,660.59,764317
2025-08,Predčasný starobný,36957,731.13,27581
2025-08,Invalidný,218916,409.03,88756
2025-08,Vdovský,288034,252.89,72962
2025-08,Vdovecký,54917,179.55,9969
2025-09,Starobný,1138925,660.9,773506
2025-09,Predčasný starobný,35192,727.93,26522
2025-09,Invalidný,218787,409.03,90235
2025-09,Vdovský,287924,252.97,73663
2025-09,Vdovecký,54940,179.64,10111
2025-10,Starobný,1140155,661.26,828455
2025-10,Predčasný starobný,33572,725.24,26849
2025-10,Invalidný,218588,409.05,96428
2025-10,Vdovský,287798,253.17,78793
2025-10,Vdovecký,54930,179.74,10814
2025-11,Starobný,1143283,661.39,737406
2025-11,Predčasný starobný,32047,722.91,22773
2025-11,Invalidný,218558,409.03,84761
2025-11,Vdovský,288321,253.34,70052
2025-11,Vdovecký,55143,179.86,9655
2025-12,Starobný,1144849,661.62,833375
2025-12,Predčasný starobný,30619,720.21,24584
2025-12,Invalidný,218372,408.87,95940
2025-12,Vdovský,288329,253.49,79236
2025-12,Vdovecký,55183,180.04,10872
2026-01,Starobný,1146712,686.28,807459
2026-01,Predčasný starobný,29280,744.01,22606
2026-01,Invalidný,218198,423.79,92096
2026-01,Vdovský,288411,263.04,76269
2026-01,Vdovecký,55215,186.84,10494
2026-02,Starobný,1142764,686.98,816757
2026-02,Predčasný starobný,28415,740.12,22758
2026-02,Invalidný,218285,423.62,92116
2026-02,Vdovský,286366,263.55,76327
2026-02,Vdovecký,54703,187.37,10471
2026-03,Starobný,1144085,687.49,799453
2026-03,Predčasný starobný,27703,737.82,21352
2026-03,Invalidný,218070,423.71,91025
2026-03,Vdovský,286547,263.7,75250
2026-03,Vdovecký,54814,187.51,10382
2026-04,Starobný,1144710,732.05,912021
2026-04,Predčasný starobný,26708,738.78,23133
2026-04,Invalidný,217928,426.94,103387
2026-04,Vdovský,286674,400.12,85739
2026-04,Vdovecký,54926,336.6,11846
