mesiac,druh,pocet
2009-01,Starobný,1369
2009-01,Predčasný starobný,1249
2009-01,Invalidný,1823
2009-01,Vdovský,155
2009-01,Vdovecký,50
2009-02,Starobný,1443
2009-02,Predčasný starobný,645
2009-02,Invalidný,1115
2009-02,Vdovský,1823
2009-02,Vdovecký,605
2009-03,Starobný,1475
2009-03,Predčasný starobný,2503
2009-03,Invalidný,1201
2009-03,Vdovský,844
2009-03,Vdovecký,315
2009-04,Starobný,2426
2009-04,Predčasný starobný,2360
2009-04,Invalidný,1257
2009-04,Vdovský,1045
2009-04,Vdovecký,387
2009-05,Starobný,2257
2009-05,Predčasný starobný,1887
2009-05,Invalidný,1521
2009-05,Vdovský,1203
2009-05,Vdovecký,405
2009-06,Starobný,1544
2009-06,Predčasný starobný,1801
2009-06,Invalidný,1659
2009-06,Vdovský,1147
2009-06,Vdovecký,394
2009-07,Starobný,2082
2009-07,Predčasný starobný,2403
2009-07,Invalidný,2162
2009-07,Vdovský,1214
2009-07,Vdovecký,400
2009-08,Starobný,1262
2009-08,Predčasný starobný,2106
2009-08,Invalidný,1543
2009-08,Vdovský,986
2009-08,Vdovecký,308
2009-09,Starobný,1052
2009-09,Predčasný starobný,1631
2009-09,Invalidný,1434
2009-09,Vdovský,1340
2009-09,Vdovecký,476
2009-10,Starobný,1010
2009-10,Predčasný starobný,1709
2009-10,Invalidný,1634
2009-10,Vdovský,1394
2009-10,Vdovecký,445
2009-11,Starobný,1003
2009-11,Predčasný starobný,1675
2009-11,Invalidný,1601
2009-11,Vdovský,1353
2009-11,Vdovecký,500
2009-12,Starobný,863
2009-12,Predčasný starobný,1643
2009-12,Invalidný,1648
2009-12,Vdovský,1192
2009-12,Vdovecký,447
2010-01,Starobný,733
2010-01,Predčasný starobný,2274
2010-01,Invalidný,1443
2010-01,Vdovský,1041
2010-01,Vdovecký,373
2010-02,Starobný,519
2010-02,Predčasný starobný,2803
2010-02,Invalidný,872
2010-02,Vdovský,905
2010-02,Vdovecký,283
2010-03,Starobný,1528
2010-03,Predčasný starobný,3030
2010-03,Invalidný,2264
2010-03,Vdovský,1311
2010-03,Vdovecký,456
2010-04,Starobný,1758
2010-04,Predčasný starobný,2299
2010-04,Invalidný,2662
2010-04,Vdovský,1184
2010-04,Vdovecký,408
2010-05,Starobný,1867
2010-05,Predčasný starobný,2344
2010-05,Invalidný,2736
2010-05,Vdovský,1205
2010-05,Vdovecký,386
2010-06,Starobný,2114
2010-06,Predčasný starobný,2243
2010-06,Invalidný,2843
2010-06,Vdovský,1586
2010-06,Vdovecký,509
2010-07,Starobný,1841
2010-07,Predčasný starobný,2582
2010-07,Invalidný,2368
2010-07,Vdovský,1210
2010-07,Vdovecký,419
2010-08,Starobný,1554
2010-08,Predčasný starobný,2668
2010-08,Invalidný,2211
2010-08,Vdovský,1135
2010-08,Vdovecký,342
2010-09,Starobný,1840
2010-09,Predčasný starobný,2941
2010-09,Invalidný,1953
2010-09,Vdovský,1247
2010-09,Vdovecký,391
2010-10,Starobný,2547
2010-10,Predčasný starobný,3494
2010-10,Invalidný,2633
2010-10,Vdovský,1334
2010-10,Vdovecký,422
2010-11,Starobný,1928
2010-11,Predčasný starobný,2047
2010-11,Invalidný,1970
2010-11,Vdovský,1090
2010-11,Vdovecký,345
2010-12,Starobný,1834
2010-12,Predčasný starobný,1870
2010-12,Invalidný,2118
2010-12,Vdovský,918
2010-12,Vdovecký,311
2011-01,Starobný,2294
2011-01,Predčasný starobný,1266
2011-01,Invalidný,2559
2011-01,Vdovský,1403
2011-01,Vdovecký,488
2011-02,Starobný,1726
2011-02,Predčasný starobný,1308
2011-02,Invalidný,2334
2011-02,Vdovský,1384
2011-02,Vdovecký,458
2011-03,Starobný,1263
2011-03,Predčasný starobný,1528
2011-03,Invalidný,2501
2011-03,Vdovský,1250
2011-03,Vdovecký,456
2011-04,Starobný,1059
2011-04,Predčasný starobný,954
2011-04,Invalidný,1985
2011-04,Vdovský,1363
2011-04,Vdovecký,482
2011-05,Starobný,960
2011-05,Predčasný starobný,871
2011-05,Invalidný,2362
2011-05,Vdovský,1269
2011-05,Vdovecký,473
2011-06,Starobný,859
2011-06,Predčasný starobný,801
2011-06,Invalidný,2202
2011-06,Vdovský,1256
2011-06,Vdovecký,404
2011-07,Starobný,789
2011-07,Predčasný starobný,954
2011-07,Invalidný,2047
2011-07,Vdovský,1122
2011-07,Vdovecký,362
2011-08,Starobný,832
2011-08,Predčasný starobný,1185
2011-08,Invalidný,1827
2011-08,Vdovský,1106
2011-08,Vdovecký,402
2011-09,Starobný,766
2011-09,Predčasný starobný,1105
2011-09,Invalidný,1635
2011-09,Vdovský,1128
2011-09,Vdovecký,398
2011-10,Starobný,945
2011-10,Predčasný starobný,1255
2011-10,Invalidný,1932
2011-10,Vdovský,1189
2011-10,Vdovecký,400
2011-11,Starobný,1595
2011-11,Predčasný starobný,1205
2011-11,Invalidný,2211
2011-11,Vdovský,1200
2011-11,Vdovecký,404
2011-12,Starobný,1218
2011-12,Predčasný starobný,861
2011-12,Invalidný,1523
2011-12,Vdovský,907
2011-12,Vdovecký,301
2012-01,Starobný,1957
2012-01,Predčasný starobný,1788
2012-01,Invalidný,2507
2012-01,Vdovský,1136
2012-01,Vdovecký,381
2012-02,Starobný,2281
2012-02,Predčasný starobný,1958
2012-02,Invalidný,1965
2012-02,Vdovský,1192
2012-02,Vdovecký,430
2012-03,Starobný,2334
2012-03,Predčasný starobný,1393
2012-03,Invalidný,2123
2012-03,Vdovský,1251
2012-03,Vdovecký,464
2012-04,Starobný,2337
2012-04,Predčasný starobný,1317
2012-04,Invalidný,2044
2012-04,Vdovský,1213
2012-04,Vdovecký,417
2012-05,Starobný,2309
2012-05,Predčasný starobný,1363
2012-05,Invalidný,2131
2012-05,Vdovský,1240
2012-05,Vdovecký,345
2012-06,Starobný,2776
2012-06,Predčasný starobný,1525
2012-06,Invalidný,2196
2012-06,Vdovský,1283
2012-06,Vdovecký,446
2012-07,Starobný,2317
2012-07,Predčasný starobný,1018
2012-07,Invalidný,1748
2012-07,Vdovský,1140
2012-07,Vdovecký,392
2012-08,Starobný,2368
2012-08,Predčasný starobný,1522
2012-08,Invalidný,1672
2012-08,Vdovský,1022
2012-08,Vdovecký,364
2012-09,Starobný,2505
2012-09,Predčasný starobný,1063
2012-09,Invalidný,1412
2012-09,Vdovský,1185
2012-09,Vdovecký,397
2012-10,Starobný,2990
2012-10,Predčasný starobný,1290
2012-10,Invalidný,1914
2012-10,Vdovský,1366
2012-10,Vdovecký,435
2012-11,Starobný,2664
2012-11,Predčasný starobný,1554
2012-11,Invalidný,2611
2012-11,Vdovský,1239
2012-11,Vdovecký,428
2012-12,Starobný,1485
2012-12,Predčasný starobný,1135
2012-12,Invalidný,1938
2012-12,Vdovský,900
2012-12,Vdovecký,334
2013-01,Starobný,1231
2013-01,Predčasný starobný,1900
2013-01,Invalidný,1380
2013-01,Vdovský,1025
2013-01,Vdovecký,295
2013-02,Starobný,1670
2013-02,Predčasný starobný,1502
2013-02,Invalidný,1865
2013-02,Vdovský,1397
2013-02,Vdovecký,446
2013-03,Starobný,1598
2013-03,Predčasný starobný,1101
2013-03,Invalidný,2071
2013-03,Vdovský,1187
2013-03,Vdovecký,416
2013-04,Starobný,1832
2013-04,Predčasný starobný,1201
2013-04,Invalidný,2221
2013-04,Vdovský,1393
2013-04,Vdovecký,505
2013-05,Starobný,1609
2013-05,Predčasný starobný,1301
2013-05,Invalidný,1983
2013-05,Vdovský,1445
2013-05,Vdovecký,463
2013-06,Starobný,1548
2013-06,Predčasný starobný,1319
2013-06,Invalidný,1960
2013-06,Vdovský,1154
2013-06,Vdovecký,397
2013-07,Starobný,1723
2013-07,Predčasný starobný,946
2013-07,Invalidný,1786
2013-07,Vdovský,1138
2013-07,Vdovecký,406
2013-08,Starobný,1776
2013-08,Predčasný starobný,1428
2013-08,Invalidný,1176
2013-08,Vdovský,874
2013-08,Vdovecký,291
2013-09,Starobný,3177
2013-09,Predčasný starobný,1524
2013-09,Invalidný,1719
2013-09,Vdovský,1311
2013-09,Vdovecký,477
2013-10,Starobný,3751
2013-10,Predčasný starobný,1295
2013-10,Invalidný,1753
2013-10,Vdovský,1163
2013-10,Vdovecký,388
2013-11,Starobný,3142
2013-11,Predčasný starobný,1163
2013-11,Invalidný,1785
2013-11,Vdovský,1105
2013-11,Vdovecký,341
2013-12,Starobný,2737
2013-12,Predčasný starobný,1132
2013-12,Invalidný,1744
2013-12,Vdovský,799
2013-12,Vdovecký,267
2014-01,Starobný,3320
2014-01,Predčasný starobný,1690
2014-01,Invalidný,1935
2014-01,Vdovský,1140
2014-01,Vdovecký,391
2014-02,Starobný,3839
2014-02,Predčasný starobný,1819
2014-02,Invalidný,1205
2014-02,Vdovský,885
2014-02,Vdovecký,285
2014-03,Starobný,4826
2014-03,Predčasný starobný,1518
2014-03,Invalidný,1670
2014-03,Vdovský,961
2014-03,Vdovecký,317
2014-04,Starobný,4722
2014-04,Predčasný starobný,1118
2014-04,Invalidný,1707
2014-04,Vdovský,1079
2014-04,Vdovecký,367
2014-05,Starobný,4944
2014-05,Predčasný starobný,1176
2014-05,Invalidný,1909
2014-05,Vdovský,1126
2014-05,Vdovecký,395
2014-06,Starobný,5324
2014-06,Predčasný starobný,1261
2014-06,Invalidný,2149
2014-06,Vdovský,1343
2014-06,Vdovecký,461
2014-07,Starobný,5695
2014-07,Predčasný starobný,1525
2014-07,Invalidný,2626
2014-07,Vdovský,1892
2014-07,Vdovecký,640
2014-08,Starobný,3262
2014-08,Predčasný starobný,1193
2014-08,Invalidný,1715
2014-08,Vdovský,1055
2014-08,Vdovecký,326
2014-09,Starobný,3287
2014-09,Predčasný starobný,1504
2014-09,Invalidný,2317
2014-09,Vdovský,1242
2014-09,Vdovecký,417
2014-10,Starobný,3112
2014-10,Predčasný starobný,1520
2014-10,Invalidný,2227
2014-10,Vdovský,1790
2014-10,Vdovecký,579
2014-11,Starobný,2319
2014-11,Predčasný starobný,1155
2014-11,Invalidný,2255
2014-11,Vdovský,1333
2014-11,Vdovecký,447
2014-12,Starobný,1941
2014-12,Predčasný starobný,1012
2014-12,Invalidný,2054
2014-12,Vdovský,953
2014-12,Vdovecký,298
2015-01,Starobný,1668
2015-01,Predčasný starobný,1391
2015-01,Invalidný,1600
2015-01,Vdovský,1002
2015-01,Vdovecký,337
2015-02,Starobný,2011
2015-02,Predčasný starobný,1668
2015-02,Invalidný,1635
2015-02,Vdovský,1240
2015-02,Vdovecký,418
2015-03,Starobný,2219
2015-03,Predčasný starobný,1461
2015-03,Invalidný,2136
2015-03,Vdovský,1442
2015-03,Vdovecký,511
2015-04,Starobný,1507
2015-04,Predčasný starobný,818
2015-04,Invalidný,1391
2015-04,Vdovský,908
2015-04,Vdovecký,326
2015-05,Starobný,2302
2015-05,Predčasný starobný,1144
2015-05,Invalidný,1809
2015-05,Vdovský,1338
2015-05,Vdovecký,469
2015-06,Starobný,4383
2015-06,Predčasný starobný,1513
2015-06,Invalidný,2349
2015-06,Vdovský,1558
2015-06,Vdovecký,513
2015-07,Starobný,4052
2015-07,Predčasný starobný,1372
2015-07,Invalidný,2212
2015-07,Vdovský,1413
2015-07,Vdovecký,514
2015-08,Starobný,1848
2015-08,Predčasný starobný,1285
2015-08,Invalidný,1554
2015-08,Vdovský,903
2015-08,Vdovecký,293
2015-09,Starobný,3487
2015-09,Predčasný starobný,1264
2015-09,Invalidný,1558
2015-09,Vdovský,1198
2015-09,Vdovecký,438
2015-10,Starobný,4882
2015-10,Predčasný starobný,1343
2015-10,Invalidný,1598
2015-10,Vdovský,1290
2015-10,Vdovecký,466
2015-11,Starobný,3002
2015-11,Predčasný starobný,946
2015-11,Invalidný,1289
2015-11,Vdovský,775
2015-11,Vdovecký,256
2015-12,Starobný,3103
2015-12,Predčasný starobný,1048
2015-12,Invalidný,1854
2015-12,Vdovský,726
2015-12,Vdovecký,226
2016-01,Starobný,2838
2016-01,Predčasný starobný,1042
2016-01,Invalidný,1826
2016-01,Vdovský,843
2016-01,Vdovecký,278
2016-02,Starobný,3514
2016-02,Predčasný starobný,1806
2016-02,Invalidný,1804
2016-02,Vdovský,1211
2016-02,Vdovecký,388
2016-03,Starobný,3637
2016-03,Predčasný starobný,1324
2016-03,Invalidný,1561
2016-03,Vdovský,1328
2016-03,Vdovecký,863
2016-04,Starobný,3619
2016-04,Predčasný starobný,1056
2016-04,Invalidný,1471
2016-04,Vdovský,1519
2016-04,Vdovecký,972
2016-05,Starobný,4380
2016-05,Predčasný starobný,1054
2016-05,Invalidný,1752
2016-05,Vdovský,1719
2016-05,Vdovecký,880
2016-06,Starobný,5634
2016-06,Predčasný starobný,1678
2016-06,Invalidný,2948
2016-06,Vdovský,3367
2016-06,Vdovecký,1411
2016-07,Starobný,2467
2016-07,Predčasný starobný,965
2016-07,Invalidný,1761
2016-07,Vdovský,1758
2016-07,Vdovecký,785
2016-08,Starobný,2788
2016-08,Predčasný starobný,1361
2016-08,Invalidný,2087
2016-08,Vdovský,2066
2016-08,Vdovecký,727
2016-09,Starobný,2556
2016-09,Predčasný starobný,1581
2016-09,Invalidný,1903
2016-09,Vdovský,1776
2016-09,Vdovecký,633
2016-10,Starobný,2607
2016-10,Predčasný starobný,1354
2016-10,Invalidný,1723
2016-10,Vdovský,1440
2016-10,Vdovecký,552
2016-11,Starobný,2850
2016-11,Predčasný starobný,1480
2016-11,Invalidný,2089
2016-11,Vdovský,1551
2016-11,Vdovecký,629
2016-12,Starobný,2264
2016-12,Predčasný starobný,1527
2016-12,Invalidný,2049
2016-12,Vdovský,1222
2016-12,Vdovecký,464
2017-01,Starobný,1877
2017-01,Predčasný starobný,2104
2017-01,Invalidný,1768
2017-01,Vdovský,1128
2017-01,Vdovecký,433
2017-02,Starobný,1812
2017-02,Predčasný starobný,3362
2017-02,Invalidný,1478
2017-02,Vdovský,1203
2017-02,Vdovecký,403
2017-03,Starobný,2421
2017-03,Predčasný starobný,1440
2017-03,Invalidný,1972
2017-03,Vdovský,1639
2017-03,Vdovecký,517
2017-04,Starobný,2386
2017-04,Predčasný starobný,752
2017-04,Invalidný,2088
2017-04,Vdovský,1209
2017-04,Vdovecký,432
2017-05,Starobný,3706
2017-05,Predčasný starobný,1035
2017-05,Invalidný,2278
2017-05,Vdovský,1683
2017-05,Vdovecký,606
2017-06,Starobný,4460
2017-06,Predčasný starobný,1032
2017-06,Invalidný,1942
2017-06,Vdovský,1590
2017-06,Vdovecký,571
2017-07,Starobný,3347
2017-07,Predčasný starobný,708
2017-07,Invalidný,1461
2017-07,Vdovský,998
2017-07,Vdovecký,355
2017-08,Starobný,3815
2017-08,Predčasný starobný,1155
2017-08,Invalidný,1830
2017-08,Vdovský,1100
2017-08,Vdovecký,414
2017-09,Starobný,3450
2017-09,Predčasný starobný,970
2017-09,Invalidný,1297
2017-09,Vdovský,1054
2017-09,Vdovecký,363
2017-10,Starobný,4875
2017-10,Predčasný starobný,1169
2017-10,Invalidný,1721
2017-10,Vdovský,1311
2017-10,Vdovecký,523
2017-11,Starobný,4523
2017-11,Predčasný starobný,1010
2017-11,Invalidný,1513
2017-11,Vdovský,1158
2017-11,Vdovecký,464
2017-12,Starobný,3344
2017-12,Predčasný starobný,744
2017-12,Invalidný,1548
2017-12,Vdovský,705
2017-12,Vdovecký,241
2018-01,Starobný,3634
2018-01,Predčasný starobný,1007
2018-01,Invalidný,1690
2018-01,Vdovský,1264
2018-01,Vdovecký,452
2018-02,Starobný,2749
2018-02,Predčasný starobný,1434
2018-02,Invalidný,1447
2018-02,Vdovský,993
2018-02,Vdovecký,353
2018-03,Starobný,2917
2018-03,Predčasný starobný,1316
2018-03,Invalidný,1176
2018-03,Vdovský,935
2018-03,Vdovecký,364
2018-04,Starobný,2923
2018-04,Predčasný starobný,544
2018-04,Invalidný,1854
2018-04,Vdovský,1003
2018-04,Vdovecký,398
2018-05,Starobný,3301
2018-05,Predčasný starobný,843
2018-05,Invalidný,2277
2018-05,Vdovský,1856
2018-05,Vdovecký,633
2018-06,Starobný,2019
2018-06,Predčasný starobný,1004
2018-06,Invalidný,2391
2018-06,Vdovský,1987
2018-06,Vdovecký,746
2018-07,Starobný,1221
2018-07,Predčasný starobný,764
2018-07,Invalidný,1777
2018-07,Vdovský,1282
2018-07,Vdovecký,501
2018-08,Starobný,1540
2018-08,Predčasný starobný,812
2018-08,Invalidný,1421
2018-08,Vdovský,872
2018-08,Vdovecký,308
2018-09,Starobný,2171
2018-09,Predčasný starobný,1126
2018-09,Invalidný,1405
2018-09,Vdovský,1224
2018-09,Vdovecký,432
2018-10,Starobný,3164
2018-10,Predčasný starobný,1501
2018-10,Invalidný,1800
2018-10,Vdovský,1583
2018-10,Vdovecký,564
2018-11,Starobný,3327
2018-11,Predčasný starobný,1239
2018-11,Invalidný,1929
2018-11,Vdovský,1560
2018-11,Vdovecký,577
2018-12,Starobný,2346
2018-12,Predčasný starobný,765
2018-12,Invalidný,1321
2018-12,Vdovský,640
2018-12,Vdovecký,217
2019-01,Starobný,3793
2019-01,Predčasný starobný,1547
2019-01,Invalidný,2021
2019-01,Vdovský,1302
2019-01,Vdovecký,491
2019-02,Starobný,3541
2019-02,Predčasný starobný,2260
2019-02,Invalidný,1402
2019-02,Vdovský,1202
2019-02,Vdovecký,420
2019-03,Starobný,4106
2019-03,Predčasný starobný,756
2019-03,Invalidný,1406
2019-03,Vdovský,1144
2019-03,Vdovecký,409
2019-04,Starobný,4047
2019-04,Predčasný starobný,594
2019-04,Invalidný,1588
2019-04,Vdovský,1088
2019-04,Vdovecký,401
2019-05,Starobný,6095
2019-05,Predčasný starobný,886
2019-05,Invalidný,2411
2019-05,Vdovský,1877
2019-05,Vdovecký,682
2019-06,Starobný,4343
2019-06,Predčasný starobný,890
2019-06,Invalidný,1797
2019-06,Vdovský,1546
2019-06,Vdovecký,561
2019-07,Starobný,3774
2019-07,Predčasný starobný,1017
2019-07,Invalidný,1976
2019-07,Vdovský,1375
2019-07,Vdovecký,528
2019-08,Starobný,2882
2019-08,Predčasný starobný,995
2019-08,Invalidný,1431
2019-08,Vdovský,991
2019-08,Vdovecký,366
2019-09,Starobný,4083
2019-09,Predčasný starobný,949
2019-09,Invalidný,1579
2019-09,Vdovský,1288
2019-09,Vdovecký,513
2019-10,Starobný,4459
2019-10,Predčasný starobný,751
2019-10,Invalidný,1592
2019-10,Vdovský,1306
2019-10,Vdovecký,463
2019-11,Starobný,3397
2019-11,Predčasný starobný,435
2019-11,Invalidný,1697
2019-11,Vdovský,1005
2019-11,Vdovecký,354
2019-12,Starobný,2200
2019-12,Predčasný starobný,432
2019-12,Invalidný,1653
2019-12,Vdovský,1029
2019-12,Vdovecký,375
2020-01,Starobný,2425
2020-01,Predčasný starobný,781
2020-01,Invalidný,1623
2020-01,Vdovský,1161
2020-01,Vdovecký,383
2020-02,Starobný,2422
2020-02,Predčasný starobný,1217
2020-02,Invalidný,1274
2020-02,Vdovský,1162
2020-02,Vdovecký,392
2020-03,Starobný,2174
2020-03,Predčasný starobný,803
2020-03,Invalidný,1091
2020-03,Vdovský,835
2020-03,Vdovecký,317
2020-04,Starobný,2613
2020-04,Predčasný starobný,997
2020-04,Invalidný,1382
2020-04,Vdovský,888
2020-04,Vdovecký,342
2020-05,Starobný,3513
2020-05,Predčasný starobný,1185
2020-05,Invalidný,1280
2020-05,Vdovský,1040
2020-05,Vdovecký,383
2020-06,Starobný,3727
2020-06,Predčasný starobný,1043
2020-06,Invalidný,1529
2020-06,Vdovský,1315
2020-06,Vdovecký,437
2020-07,Starobný,3785
2020-07,Predčasný starobný,1056
2020-07,Invalidný,1828
2020-07,Vdovský,1386
2020-07,Vdovecký,480
2020-08,Starobný,3000
2020-08,Predčasný starobný,705
2020-08,Invalidný,1387
2020-08,Vdovský,964
2020-08,Vdovecký,365
2020-09,Starobný,2795
2020-09,Predčasný starobný,1017
2020-09,Invalidný,1492
2020-09,Vdovský,1276
2020-09,Vdovecký,464
2020-10,Starobný,4317
2020-10,Predčasný starobný,1736
2020-10,Invalidný,2127
2020-10,Vdovský,1873
2020-10,Vdovecký,688
2020-11,Starobný,4000
2020-11,Predčasný starobný,1085
2020-11,Invalidný,1873
2020-11,Vdovský,1334
2020-11,Vdovecký,513
2020-12,Starobný,2350
2020-12,Predčasný starobný,613
2020-12,Invalidný,1392
2020-12,Vdovský,333
2020-12,Vdovecký,104
2021-01,Starobný,2494
2021-01,Predčasný starobný,467
2021-01,Invalidný,1228
2021-01,Vdovský,800
2021-01,Vdovecký,261
2021-02,Starobný,1688
2021-02,Predčasný starobný,355
2021-02,Invalidný,717
2021-02,Vdovský,800
2021-02,Vdovecký,275
2021-03,Starobný,3765
2021-03,Predčasný starobný,1281
2021-03,Invalidný,1075
2021-03,Vdovský,1556
2021-03,Vdovecký,536
2021-04,Starobný,4182
2021-04,Predčasný starobný,807
2021-04,Invalidný,1024
2021-04,Vdovský,1041
2021-04,Vdovecký,363
2021-05,Starobný,5313
2021-05,Predčasný starobný,1094
2021-05,Invalidný,1519
2021-05,Vdovský,2139
2021-05,Vdovecký,683
2021-06,Starobný,6017
2021-06,Predčasný starobný,1106
2021-06,Invalidný,1780
2021-06,Vdovský,2638
2021-06,Vdovecký,876
2021-07,Starobný,4529
2021-07,Predčasný starobný,783
2021-07,Invalidný,1696
2021-07,Vdovský,2208
2021-07,Vdovecký,751
2021-08,Starobný,4980
2021-08,Predčasný starobný,1172
2021-08,Invalidný,1819
2021-08,Vdovský,2120
2021-08,Vdovecký,818
2021-09,Starobný,4781
2021-09,Predčasný starobný,1448
2021-09,Invalidný,1861
2021-09,Vdovský,1627
2021-09,Vdovecký,599
2021-10,Starobný,5420
2021-10,Predčasný starobný,1371
2021-10,Invalidný,1488
2021-10,Vdovský,1742
2021-10,Vdovecký,603
2021-11,Starobný,4262
2021-11,Predčasný starobný,1257
2021-11,Invalidný,1506
2021-11,Vdovský,1335
2021-11,Vdovecký,490
2021-12,Starobný,2647
2021-12,Predčasný starobný,937
2021-12,Invalidný,1627
2021-12,Vdovský,566
2021-12,Vdovecký,203
2022-01,Starobný,3641
2022-01,Predčasný starobný,1098
2022-01,Invalidný,1764
2022-01,Vdovský,1772
2022-01,Vdovecký,646
2022-02,Starobný,3493
2022-02,Predčasný starobný,1418
2022-02,Invalidný,1547
2022-02,Vdovský,2210
2022-02,Vdovecký,823
2022-03,Starobný,3562
2022-03,Predčasný starobný,973
2022-03,Invalidný,1271
2022-03,Vdovský,2146
2022-03,Vdovecký,793
2022-04,Starobný,2908
2022-04,Predčasný starobný,683
2022-04,Invalidný,1008
2022-04,Vdovský,1157
2022-04,Vdovecký,425
2022-05,Starobný,7211
2022-05,Predčasný starobný,1362
2022-05,Invalidný,2277
2022-05,Vdovský,2821
2022-05,Vdovecký,1004
2022-06,Starobný,5763
2022-06,Predčasný starobný,1159
2022-06,Invalidný,2068
2022-06,Vdovský,1933
2022-06,Vdovecký,695
2022-07,Starobný,3708
2022-07,Predčasný starobný,724
2022-07,Invalidný,1543
2022-07,Vdovský,1056
2022-07,Vdovecký,390
2022-08,Starobný,3810
2022-08,Predčasný starobný,1106
2022-08,Invalidný,1484
2022-08,Vdovský,1134
2022-08,Vdovecký,422
2022-09,Starobný,4146
2022-09,Predčasný starobný,1115
2022-09,Invalidný,1346
2022-09,Vdovský,1380
2022-09,Vdovecký,523
2022-10,Starobný,4570
2022-10,Predčasný starobný,1108
2022-10,Invalidný,1383
2022-10,Vdovský,1625
2022-10,Vdovecký,546
2022-11,Starobný,4039
2022-11,Predčasný starobný,981
2022-11,Invalidný,1565
2022-11,Vdovský,1241
2022-11,Vdovecký,389
2022-12,Starobný,2423
2022-12,Predčasný starobný,858
2022-12,Invalidný,1236
2022-12,Vdovský,418
2022-12,Vdovecký,152
2023-01,Starobný,3655
2023-01,Predčasný starobný,962
2023-01,Invalidný,1977
2023-01,Vdovský,1766
2023-01,Vdovecký,617
2023-02,Starobný,2606
2023-02,Predčasný starobný,2052
2023-02,Invalidný,1383
2023-02,Vdovský,1393
2023-02,Vdovecký,489
2023-03,Starobný,2940
2023-03,Predčasný starobný,1497
2023-03,Invalidný,1766
2023-03,Vdovský,1694
2023-03,Vdovecký,611
2023-04,Starobný,3297
2023-04,Predčasný starobný,930
2023-04,Invalidný,1415
2023-04,Vdovský,943
2023-04,Vdovecký,378
2023-05,Starobný,5041
2023-05,Predčasný starobný,1392
2023-05,Invalidný,1985
2023-05,Vdovský,1487
2023-05,Vdovecký,530
2023-06,Starobný,4581
2023-06,Predčasný starobný,1119
2023-06,Invalidný,1791
2023-06,Vdovský,1410
2023-06,Vdovecký,526
2023-07,Starobný,2061
2023-07,Predčasný starobný,386
2023-07,Invalidný,955
2023-07,Vdovský,451
2023-07,Vdovecký,151
2023-08,Starobný,5041
2023-08,Predčasný starobný,1803
2023-08,Invalidný,2024
2023-08,Vdovský,1141
2023-08,Vdovecký,389
2023-09,Starobný,4612
2023-09,Predčasný starobný,2029
2023-09,Invalidný,1539
2023-09,Vdovský,1433
2023-09,Vdovecký,516
2023-10,Starobný,4331
2023-10,Predčasný starobný,1872
2023-10,Invalidný,1134
2023-10,Vdovský,1292
2023-10,Vdovecký,494
2023-11,Starobný,3146
2023-11,Predčasný starobný,1692
2023-11,Invalidný,1115
2023-11,Vdovský,732
2023-11,Vdovecký,289
2023-12,Starobný,2519
2023-12,Predčasný starobný,2030
2023-12,Invalidný,1149
2023-12,Vdovský,417
2023-12,Vdovecký,144
2024-01,Starobný,3880
2024-01,Predčasný starobný,4972
2024-01,Invalidný,1766
2024-01,Vdovský,1218
2024-01,Vdovecký,472
2024-02,Starobný,3054
2024-02,Predčasný starobný,7276
2024-02,Invalidný,1473
2024-02,Vdovský,1356
2024-02,Vdovecký,464
2024-03,Starobný,1998
2024-03,Predčasný starobný,6527
2024-03,Invalidný,1054
2024-03,Vdovský,1291
2024-03,Vdovecký,439
2024-04,Starobný,3009
2024-04,Predčasný starobný,9002
2024-04,Invalidný,1453
2024-04,Vdovský,2053
2024-04,Vdovecký,678
2024-05,Starobný,5564
2024-05,Predčasný starobný,3624
2024-05,Invalidný,3155
2024-05,Vdovský,1799
2024-05,Vdovecký,672
2024-06,Starobný,4210
2024-06,Predčasný starobný,2549
2024-06,Invalidný,2687
2024-06,Vdovský,1299
2024-06,Vdovecký,506
2024-07,Starobný,3218
2024-07,Predčasný starobný,3321
2024-07,Invalidný,1837
2024-07,Vdovský,1002
2024-07,Vdovecký,376
2024-08,Starobný,4072
2024-08,Predčasný starobný,1049
2024-08,Invalidný,2166
2024-08,Vdovský,1349
2024-08,Vdovecký,485
2024-09,Starobný,4661
2024-09,Predčasný starobný,887
2024-09,Invalidný,2134
2024-09,Vdovský,1770
2024-09,Vdovecký,636
2024-10,Starobný,4203
2024-10,Predčasný starobný,926
2024-10,Invalidný,1977
2024-10,Vdovský,1371
2024-10,Vdovecký,496
2024-11,Starobný,3575
2024-11,Predčasný starobný,965
2024-11,Invalidný,1828
2024-11,Vdovský,1371
2024-11,Vdovecký,500
2024-12,Starobný,2015
2024-12,Predčasný starobný,768
2024-12,Invalidný,1309
2024-12,Vdovský,365
2024-12,Vdovecký,126
2025-01,Starobný,3362
2025-01,Predčasný starobný,2964
2025-01,Invalidný,1495
2025-01,Vdovský,1343
2025-01,Vdovecký,476
2025-02,Starobný,2710
2025-02,Predčasný starobný,4973
2025-02,Invalidný,1229
2025-02,Vdovský,1058
2025-02,Vdovecký,339
2025-03,Starobný,3042
2025-03,Predčasný starobný,1034
2025-03,Invalidný,1843
2025-03,Vdovský,1858
2025-03,Vdovecký,668
2025-04,Starobný,3139
2025-04,Predčasný starobný,500
2025-04,Invalidný,1987
2025-04,Vdovský,1596
2025-04,Vdovecký,563
2025-05,Starobný,2675
2025-05,Predčasný starobný,436
2025-05,Invalidný,1942
2025-05,Vdovský,1459
2025-05,Vdovecký,581
2025-06,Starobný,2329
2025-06,Predčasný starobný,422
2025-06,Invalidný,1661
2025-06,Vdovský,1304
2025-06,Vdovecký,501
2025-07,Starobný,2590
2025-07,Predčasný starobný,501
2025-07,Invalidný,1708
2025-07,Vdovský,1220
2025-07,Vdovecký,484
2025-08,Starobný,2027
2025-08,Predčasný starobný,263
2025-08,Invalidný,1113
2025-08,Vdovský,861
2025-08,Vdovecký,329
2025-09,Starobný,3113
2025-09,Predčasný starobný,323
2025-09,Invalidný,1294
2025-09,Vdovský,1080
2025-09,Vdovecký,387
2025-10,Starobný,3296
2025-10,Predčasný starobný,347
2025-10,Invalidný,1479
2025-10,Vdovský,1162
2025-10,Vdovecký,444
2025-11,Starobný,2801
2025-11,Predčasný starobný,280
2025-11,Invalidný,1299
2025-11,Vdovský,945
2025-11,Vdovecký,323
2025-12,Starobný,2354
2025-12,Predčasný starobný,304
2025-12,Invalidný,1301
2025-12,Vdovský,551
2025-12,Vdovecký,195
2026-01,Starobný,3195
2026-01,Predčasný starobný,373
2026-01,Invalidný,1551
2026-01,Vdovský,1149
2026-01,Vdovecký,443
2026-02,Starobný,2822
2026-02,Predčasný starobný,729
2026-02,Invalidný,1205
2026-02,Vdovský,1231
2026-02,Vdovecký,422
2026-03,Starobný,3639
2026-03,Predčasný starobný,572
2026-03,Invalidný,1583
2026-03,Vdovský,1528
2026-03,Vdovecký,574
2026-04,Starobný,3303
2026-04,Predčasný starobný,456
2026-04,Invalidný,1253
2026-04,Vdovský,1206
2026-04,Vdovecký,479
