mesiac,druh,kategoria,priemer_eur
2014-01,Invalidný,Vyplácané,268.49
2014-01,Invalidný,Novopriznané,242.83
2014-01,Predčasný starobný,Vyplácané,391.66
2014-01,Predčasný starobný,Novopriznané,400.52
2014-01,Starobný,Vyplácané,373.09
2014-01,Starobný,Novopriznané,411.64
2014-01,Vdovecký,Vyplácané,105.72
2014-01,Vdovecký,Novopriznané,118.07
2014-01,Vdovský,Vyplácané,155.69
2014-01,Vdovský,Novopriznané,176.16
2014-02,Invalidný,Vyplácané,268.39
2014-02,Invalidný,Novopriznané,236.6
2014-02,Predčasný starobný,Vyplácané,392.36
2014-02,Predčasný starobný,Novopriznané,417.91
2014-02,Starobný,Vyplácané,373.45
2014-02,Starobný,Novopriznané,420.05
2014-02,Vdovecký,Vyplácané,106.07
2014-02,Vdovecký,Novopriznané,115.51
2014-02,Vdovský,Vyplácané,155.78
2014-02,Vdovský,Novopriznané,171.36
2014-03,Invalidný,Vyplácané,267.87
2014-03,Invalidný,Novopriznané,240.65
2014-03,Predčasný starobný,Vyplácané,393.53
2014-03,Predčasný starobný,Novopriznané,404.8
2014-03,Starobný,Vyplácané,373.46
2014-03,Starobný,Novopriznané,420.98
2014-03,Vdovecký,Vyplácané,106.2
2014-03,Vdovecký,Novopriznané,123.02
2014-03,Vdovský,Vyplácané,155.79
2014-03,Vdovský,Novopriznané,171.76
2014-04,Invalidný,Vyplácané,267.62
2014-04,Invalidný,Novopriznané,242.23
2014-04,Predčasný starobný,Vyplácané,393.45
2014-04,Predčasný starobný,Novopriznané,380.07
2014-04,Starobný,Vyplácané,373.43
2014-04,Starobný,Novopriznané,425.72
2014-04,Vdovecký,Vyplácané,106.28
2014-04,Vdovecký,Novopriznané,116.09
2014-04,Vdovský,Vyplácané,155.78
2014-04,Vdovský,Novopriznané,173.68
2014-05,Invalidný,Vyplácané,267.33
2014-05,Invalidný,Novopriznané,238.76
2014-05,Predčasný starobný,Vyplácané,392.08
2014-05,Predčasný starobný,Novopriznané,389.11
2014-05,Starobný,Vyplácané,373.51
2014-05,Starobný,Novopriznané,418.35
2014-05,Vdovecký,Vyplácané,106.34
2014-05,Vdovecký,Novopriznané,114.95
2014-05,Vdovský,Vyplácané,155.77
2014-05,Vdovský,Novopriznané,173.62
2014-06,Invalidný,Vyplácané,266.97
2014-06,Invalidný,Novopriznané,239.34
2014-06,Predčasný starobný,Vyplácané,391.42
2014-06,Predčasný starobný,Novopriznané,390.2
2014-06,Starobný,Vyplácané,373.58
2014-06,Starobný,Novopriznané,419.88
2014-06,Vdovecký,Vyplácané,106.31
2014-06,Vdovecký,Novopriznané,113.09
2014-06,Vdovský,Vyplácané,155.76
2014-06,Vdovský,Novopriznané,173
2014-07,Invalidný,Vyplácané,266.71
2014-07,Invalidný,Novopriznané,237.41
2014-07,Predčasný starobný,Vyplácané,389.51
2014-07,Predčasný starobný,Novopriznané,387.57
2014-07,Starobný,Vyplácané,373.76
2014-07,Starobný,Novopriznané,417.5
2014-07,Vdovecký,Vyplácané,106.29
2014-07,Vdovecký,Novopriznané,112.48
2014-07,Vdovský,Vyplácané,155.69
2014-07,Vdovský,Novopriznané,172.24
2014-08,Invalidný,Vyplácané,266.34
2014-08,Invalidný,Novopriznané,232.33
2014-08,Predčasný starobný,Vyplácané,387.51
2014-08,Predčasný starobný,Novopriznané,406.63
2014-08,Starobný,Vyplácané,373.96
2014-08,Starobný,Novopriznané,429.81
2014-08,Vdovecký,Vyplácané,106.19
2014-08,Vdovecký,Novopriznané,119.88
2014-08,Vdovský,Vyplácané,155.67
2014-08,Vdovský,Novopriznané,169.8
2014-09,Invalidný,Vyplácané,266.07
2014-09,Invalidný,Novopriznané,236.18
2014-09,Predčasný starobný,Vyplácané,386.1
2014-09,Predčasný starobný,Novopriznané,403.51
2014-09,Starobný,Vyplácané,374.18
2014-09,Starobný,Novopriznané,449.61
2014-09,Vdovecký,Vyplácané,106.24
2014-09,Vdovecký,Novopriznané,115.64
2014-09,Vdovský,Vyplácané,155.64
2014-09,Vdovský,Novopriznané,174.67
2014-10,Invalidný,Vyplácané,265.65
2014-10,Invalidný,Novopriznané,234.31
2014-10,Predčasný starobný,Vyplácané,384.63
2014-10,Predčasný starobný,Novopriznané,394.29
2014-10,Starobný,Vyplácané,374.51
2014-10,Starobný,Novopriznané,467.41
2014-10,Vdovecký,Vyplácané,106.36
2014-10,Vdovecký,Novopriznané,111.45
2014-10,Vdovský,Vyplácané,155.72
2014-10,Vdovský,Novopriznané,172.25
2014-11,Invalidný,Vyplácané,265.34
2014-11,Invalidný,Novopriznané,235.21
2014-11,Predčasný starobný,Vyplácané,383.74
2014-11,Predčasný starobný,Novopriznané,400.28
2014-11,Starobný,Vyplácané,374.73
2014-11,Starobný,Novopriznané,478.07
2014-11,Vdovecký,Vyplácané,106.42
2014-11,Vdovecký,Novopriznané,120.52
2014-11,Vdovský,Vyplácané,155.85
2014-11,Vdovský,Novopriznané,174.31
2014-12,Invalidný,Vyplácané,264.99
2014-12,Invalidný,Novopriznané,233.49
2014-12,Predčasný starobný,Vyplácané,382.54
2014-12,Predčasný starobný,Novopriznané,400.3
2014-12,Starobný,Vyplácané,374.88
2014-12,Starobný,Novopriznané,476.06
2014-12,Vdovecký,Vyplácané,106.51
2014-12,Vdovecký,Novopriznané,119.19
2014-12,Vdovský,Vyplácané,155.93
2014-12,Vdovský,Novopriznané,175.99
2015-01,Invalidný,Vyplácané,268.08
2015-01,Invalidný,Novopriznané,239.13
2015-01,Predčasný starobný,Vyplácané,386.34
2015-01,Predčasný starobný,Novopriznané,423.85
2015-01,Starobný,Vyplácané,380.07
2015-01,Starobný,Novopriznané,488.89
2015-01,Vdovecký,Vyplácané,108.42
2015-01,Vdovecký,Novopriznané,117.2
2015-01,Vdovský,Vyplácané,158.06
2015-01,Vdovský,Novopriznané,171.23
2015-02,Invalidný,Vyplácané,267.51
2015-02,Invalidný,Novopriznané,243.22
2015-02,Predčasný starobný,Vyplácané,387.4
2015-02,Predčasný starobný,Novopriznané,416.48
2015-02,Starobný,Vyplácané,380.6
2015-02,Starobný,Novopriznané,502.97
2015-02,Vdovecký,Vyplácané,108.76
2015-02,Vdovecký,Novopriznané,118.91
2015-02,Vdovský,Vyplácané,158.22
2015-02,Vdovský,Novopriznané,170.26
2015-03,Invalidný,Vyplácané,267.06
2015-03,Invalidný,Novopriznané,239.09
2015-03,Predčasný starobný,Vyplácané,387.81
2015-03,Predčasný starobný,Novopriznané,402.47
2015-03,Starobný,Vyplácané,380.97
2015-03,Starobný,Novopriznané,505.15
2015-03,Vdovecký,Vyplácané,108.82
2015-03,Vdovecký,Novopriznané,114.44
2015-03,Vdovský,Vyplácané,158.32
2015-03,Vdovský,Novopriznané,172.4
2015-04,Invalidný,Vyplácané,266.58
2015-04,Invalidný,Novopriznané,237.01
2015-04,Predčasný starobný,Vyplácané,388.21
2015-04,Predčasný starobný,Novopriznané,386.09
2015-04,Starobný,Vyplácané,382.27
2015-04,Starobný,Novopriznané,506.04
2015-04,Vdovecký,Vyplácané,108.79
2015-04,Vdovecký,Novopriznané,110.8
2015-04,Vdovský,Vyplácané,158.36
2015-04,Vdovský,Novopriznané,170.41
2015-05,Invalidný,Vyplácané,266.14
2015-05,Invalidný,Novopriznané,243.7
2015-05,Predčasný starobný,Vyplácané,387.6
2015-05,Predčasný starobný,Novopriznané,396.69
2015-05,Starobný,Vyplácané,382.83
2015-05,Starobný,Novopriznané,483.78
2015-05,Vdovecký,Vyplácané,108.83
2015-05,Vdovecký,Novopriznané,116.25
2015-05,Vdovský,Vyplácané,158.21
2015-05,Vdovský,Novopriznané,169.68
2015-06,Invalidný,Vyplácané,265.84
2015-06,Invalidný,Novopriznané,241.54
2015-06,Predčasný starobný,Vyplácané,388.19
2015-06,Predčasný starobný,Novopriznané,391.36
2015-06,Starobný,Vyplácané,383.23
2015-06,Starobný,Novopriznané,453.86
2015-06,Vdovecký,Vyplácané,108.82
2015-06,Vdovecký,Novopriznané,119.97
2015-06,Vdovský,Vyplácané,158.18
2015-06,Vdovský,Novopriznané,175.75
2015-07,Invalidný,Vyplácané,265.56
2015-07,Invalidný,Novopriznané,233.92
2015-07,Predčasný starobný,Vyplácané,388.22
2015-07,Predčasný starobný,Novopriznané,404.06
2015-07,Starobný,Vyplácané,383.55
2015-07,Starobný,Novopriznané,451.82
2015-07,Vdovecký,Vyplácané,108.82
2015-07,Vdovecký,Novopriznané,118.51
2015-07,Vdovský,Vyplácané,158.12
2015-07,Vdovský,Novopriznané,173.17
2015-08,Invalidný,Vyplácané,265.19
2015-08,Invalidný,Novopriznané,238.04
2015-08,Predčasný starobný,Vyplácané,388.74
2015-08,Predčasný starobný,Novopriznané,401.94
2015-08,Starobný,Vyplácané,383.75
2015-08,Starobný,Novopriznané,434.56
2015-08,Vdovecký,Vyplácané,108.92
2015-08,Vdovecký,Novopriznané,123.88
2015-08,Vdovský,Vyplácané,158.12
2015-08,Vdovský,Novopriznané,178.1
2015-09,Invalidný,Vyplácané,264.86
2015-09,Invalidný,Novopriznané,235.33
2015-09,Predčasný starobný,Vyplácané,389.58
2015-09,Predčasný starobný,Novopriznané,400.37
2015-09,Starobný,Vyplácané,383.92
2015-09,Starobný,Novopriznané,444.98
2015-09,Vdovecký,Vyplácané,108.94
2015-09,Vdovecký,Novopriznané,119.95
2015-09,Vdovský,Vyplácané,158.06
2015-09,Vdovský,Novopriznané,171.68
2015-10,Invalidný,Vyplácané,264.52
2015-10,Invalidný,Novopriznané,242.95
2015-10,Predčasný starobný,Vyplácané,389.93
2015-10,Predčasný starobný,Novopriznané,395.42
2015-10,Starobný,Vyplácané,384.23
2015-10,Starobný,Novopriznané,434.94
2015-10,Vdovecký,Vyplácané,109.09
2015-10,Vdovecký,Novopriznané,112.98
2015-10,Vdovský,Vyplácané,158.1
2015-10,Vdovský,Novopriznané,179.59
2015-11,Invalidný,Vyplácané,264.38
2015-11,Invalidný,Novopriznané,237.74
2015-11,Predčasný starobný,Vyplácané,390.29
2015-11,Predčasný starobný,Novopriznané,391.7
2015-11,Starobný,Vyplácané,385.23
2015-11,Starobný,Novopriznané,438.76
2015-11,Vdovecký,Vyplácané,109.12
2015-11,Vdovecký,Novopriznané,121.18
2015-11,Vdovský,Vyplácané,158.15
2015-11,Vdovský,Novopriznané,174.4
2015-12,Invalidný,Vyplácané,264.13
2015-12,Invalidný,Novopriznané,236.58
2015-12,Predčasný starobný,Vyplácané,390.72
2015-12,Predčasný starobný,Novopriznané,392.54
2015-12,Starobný,Vyplácané,385.36
2015-12,Starobný,Novopriznané,442.69
2015-12,Vdovecký,Vyplácané,109.16
2015-12,Vdovecký,Novopriznané,122.91
2015-12,Vdovský,Vyplácané,158.19
2015-12,Vdovský,Novopriznané,190.07
2016-01,Invalidný,Vyplácané,265.05
2016-01,Invalidný,Novopriznané,240.66
2016-01,Predčasný starobný,Vyplácané,392.34
2016-01,Predčasný starobný,Novopriznané,391.03
2016-01,Starobný,Vyplácané,387.49
2016-01,Starobný,Novopriznané,436.37
2016-01,Vdovecký,Vyplácané,109.98
2016-01,Vdovecký,Novopriznané,126.35
2016-01,Vdovský,Vyplácané,158.98
2016-01,Vdovský,Novopriznané,187.47
2016-02,Invalidný,Vyplácané,264.65
2016-02,Invalidný,Novopriznané,241.25
2016-02,Predčasný starobný,Vyplácané,392.88
2016-02,Predčasný starobný,Novopriznané,415.55
2016-02,Starobný,Vyplácané,388.09
2016-02,Starobný,Novopriznané,443.48
2016-02,Vdovecký,Vyplácané,110.29
2016-02,Vdovecký,Novopriznané,115.72
2016-02,Vdovský,Vyplácané,159.12
2016-02,Vdovský,Novopriznané,172.44
2016-03,Invalidný,Vyplácané,264.42
2016-03,Invalidný,Novopriznané,243.23
2016-03,Predčasný starobný,Vyplácané,394.62
2016-03,Predčasný starobný,Novopriznané,415.21
2016-03,Starobný,Vyplácané,388.34
2016-03,Starobný,Novopriznané,442.46
2016-03,Vdovecký,Vyplácané,110.33
2016-03,Vdovecký,Novopriznané,90.4
2016-03,Vdovský,Vyplácané,159.12
2016-03,Vdovský,Novopriznané,171.08
2016-04,Invalidný,Vyplácané,264.11
2016-04,Invalidný,Novopriznané,239.34
2016-04,Predčasný starobný,Vyplácané,393.97
2016-04,Predčasný starobný,Novopriznané,403.92
2016-04,Starobný,Vyplácané,389.01
2016-04,Starobný,Novopriznané,448.9
2016-04,Vdovecký,Vyplácané,109.74
2016-04,Vdovecký,Novopriznané,85.58
2016-04,Vdovský,Vyplácané,159.11
2016-04,Vdovský,Novopriznané,169.32
2016-05,Invalidný,Vyplácané,263.79
2016-05,Invalidný,Novopriznané,244.61
2016-05,Predčasný starobný,Vyplácané,392.48
2016-05,Predčasný starobný,Novopriznané,406.55
2016-05,Starobný,Vyplácané,389.4
2016-05,Starobný,Novopriznané,456.31
2016-05,Vdovecký,Vyplácané,109.19
2016-05,Vdovecký,Novopriznané,92.34
2016-05,Vdovský,Vyplácané,159.03
2016-05,Vdovský,Novopriznané,161.19
2016-06,Invalidný,Vyplácané,263.46
2016-06,Invalidný,Novopriznané,237.28
2016-06,Predčasný starobný,Vyplácané,391.81
2016-06,Predčasný starobný,Novopriznané,400.86
2016-06,Starobný,Vyplácané,389.83
2016-06,Starobný,Novopriznané,461.23
2016-06,Vdovecký,Vyplácané,108.76
2016-06,Vdovecký,Novopriznané,92.39
2016-06,Vdovský,Vyplácané,158.9
2016-06,Vdovský,Novopriznané,160.05
2016-07,Invalidný,Vyplácané,263.14
2016-07,Invalidný,Novopriznané,237.38
2016-07,Predčasný starobný,Vyplácané,390.03
2016-07,Predčasný starobný,Novopriznané,394
2016-07,Starobný,Vyplácané,390.2
2016-07,Starobný,Novopriznané,481.93
2016-07,Vdovecký,Vyplácané,108.17
2016-07,Vdovecký,Novopriznané,93.84
2016-07,Vdovský,Vyplácané,158.81
2016-07,Vdovský,Novopriznané,159.16
2016-08,Invalidný,Vyplácané,262.67
2016-08,Invalidný,Novopriznané,233.36
2016-08,Predčasný starobný,Vyplácané,388.3
2016-08,Predčasný starobný,Novopriznané,405.27
2016-08,Starobný,Vyplácané,390.51
2016-08,Starobný,Novopriznané,492.31
2016-08,Vdovecký,Vyplácané,107.81
2016-08,Vdovecký,Novopriznané,97.75
2016-08,Vdovský,Vyplácané,158.79
2016-08,Vdovský,Novopriznané,159.32
2016-09,Invalidný,Vyplácané,262.24
2016-09,Invalidný,Novopriznané,245.78
2016-09,Predčasný starobný,Vyplácané,387.92
2016-09,Predčasný starobný,Novopriznané,416.65
2016-09,Starobný,Vyplácané,390.8
2016-09,Starobný,Novopriznané,501.56
2016-09,Vdovecký,Vyplácané,107.6
2016-09,Vdovecký,Novopriznané,105.12
2016-09,Vdovský,Vyplácané,158.75
2016-09,Vdovský,Novopriznané,161.36
2016-10,Invalidný,Vyplácané,261.94
2016-10,Invalidný,Novopriznané,240.76
2016-10,Predčasný starobný,Vyplácané,388.06
2016-10,Predčasný starobný,Novopriznané,412.47
2016-10,Starobný,Vyplácané,391.15
2016-10,Starobný,Novopriznané,501.14
2016-10,Vdovecký,Vyplácané,107.45
2016-10,Vdovecký,Novopriznané,107.76
2016-10,Vdovský,Vyplácané,158.79
2016-10,Vdovský,Novopriznané,170.97
2016-11,Invalidný,Vyplácané,261.68
2016-11,Invalidný,Novopriznané,240.54
2016-11,Predčasný starobný,Vyplácané,387.53
2016-11,Predčasný starobný,Novopriznané,405.49
2016-11,Starobný,Vyplácané,391.35
2016-11,Starobný,Novopriznané,502.75
2016-11,Vdovecký,Vyplácané,107.44
2016-11,Vdovecký,Novopriznané,111.39
2016-11,Vdovský,Vyplácané,158.86
2016-11,Vdovský,Novopriznané,170.53
2016-12,Invalidný,Vyplácané,261.41
2016-12,Invalidný,Novopriznané,242.35
2016-12,Predčasný starobný,Vyplácané,386.58
2016-12,Predčasný starobný,Novopriznané,404.19
2016-12,Starobný,Vyplácané,391.53
2016-12,Starobný,Novopriznané,502.25
2016-12,Vdovecký,Vyplácané,107.46
2016-12,Vdovecký,Novopriznané,114.57
2016-12,Vdovský,Vyplácané,158.91
2016-12,Vdovský,Novopriznané,176.62
2017-01,Invalidný,Vyplácané,266.56
2017-01,Invalidný,Novopriznané,237.36
2017-01,Predčasný starobný,Vyplácané,395.19
2017-01,Predčasný starobný,Novopriznané,438.86
2017-01,Starobný,Vyplácané,399.26
2017-01,Starobný,Novopriznané,498.67
2017-01,Vdovecký,Vyplácané,110.19
2017-01,Vdovecký,Novopriznané,118.33
2017-01,Vdovský,Vyplácané,162.13
2017-01,Vdovský,Novopriznané,177.85
2017-02,Invalidný,Vyplácané,266.31
2017-02,Invalidný,Novopriznané,245.61
2017-02,Predčasný starobný,Vyplácané,399.34
2017-02,Predčasný starobný,Novopriznané,453.76
2017-02,Starobný,Vyplácané,399.96
2017-02,Starobný,Novopriznané,501.77
2017-02,Vdovecký,Vyplácané,110.43
2017-02,Vdovecký,Novopriznané,115.73
2017-02,Vdovský,Vyplácané,162.38
2017-02,Vdovský,Novopriznané,177.18
2017-03,Invalidný,Vyplácané,266.33
2017-03,Invalidný,Novopriznané,242.96
2017-03,Predčasný starobný,Vyplácané,405.6
2017-03,Predčasný starobný,Novopriznané,430.13
2017-03,Starobný,Vyplácané,400.26
2017-03,Starobný,Novopriznané,469.85
2017-03,Vdovecký,Vyplácané,110.43
2017-03,Vdovecký,Novopriznané,120.27
2017-03,Vdovský,Vyplácané,162.47
2017-03,Vdovský,Novopriznané,177.74
2017-04,Invalidný,Vyplácané,265.97
2017-04,Invalidný,Novopriznané,248.34
2017-04,Predčasný starobný,Vyplácané,405.66
2017-04,Predčasný starobný,Novopriznané,386.32
2017-04,Starobný,Vyplácané,400.92
2017-04,Starobný,Novopriznané,439.57
2017-04,Vdovecký,Vyplácané,110.57
2017-04,Vdovecký,Novopriznané,119.11
2017-04,Vdovský,Vyplácané,162.52
2017-04,Vdovský,Novopriznané,178.42
2017-05,Invalidný,Vyplácané,265.71
2017-05,Invalidný,Novopriznané,245.97
2017-05,Predčasný starobný,Vyplácané,404.84
2017-05,Predčasný starobný,Novopriznané,413.67
2017-05,Starobný,Vyplácané,401.08
2017-05,Starobný,Novopriznané,442.86
2017-05,Vdovecký,Vyplácané,110.64
2017-05,Vdovecký,Novopriznané,119.74
2017-05,Vdovský,Vyplácané,162.54
2017-05,Vdovský,Novopriznané,179.36
2017-06,Invalidný,Vyplácané,265.34
2017-06,Invalidný,Novopriznané,243.6
2017-06,Predčasný starobný,Vyplácané,405.28
2017-06,Predčasný starobný,Novopriznané,401.97
2017-06,Starobný,Vyplácané,401.28
2017-06,Starobný,Novopriznané,456.27
2017-06,Vdovecký,Vyplácané,110.63
2017-06,Vdovecký,Novopriznané,115.19
2017-06,Vdovský,Vyplácané,162.54
2017-06,Vdovský,Novopriznané,180.89
2017-07,Invalidný,Vyplácané,265.04
2017-07,Invalidný,Novopriznané,242.57
2017-07,Predčasný starobný,Vyplácané,404.48
2017-07,Predčasný starobný,Novopriznané,387.37
2017-07,Starobný,Vyplácané,401.54
2017-07,Starobný,Novopriznané,461.71
2017-07,Vdovecký,Vyplácané,110.57
2017-07,Vdovecký,Novopriznané,124.01
2017-07,Vdovský,Vyplácané,162.47
2017-07,Vdovský,Novopriznané,182.53
2017-08,Invalidný,Vyplácané,264.73
2017-08,Invalidný,Novopriznané,242.79
2017-08,Predčasný starobný,Vyplácané,403.84
2017-08,Predčasný starobný,Novopriznané,402.88
2017-08,Starobný,Vyplácané,401.73
2017-08,Starobný,Novopriznané,456.6
2017-08,Vdovecký,Vyplácané,110.67
2017-08,Vdovecký,Novopriznané,120.31
2017-08,Vdovský,Vyplácané,162.45
2017-08,Vdovský,Novopriznané,178.92
2017-09,Invalidný,Vyplácané,264.4
2017-09,Invalidný,Novopriznané,241.53
2017-09,Predčasný starobný,Vyplácané,404.14
2017-09,Predčasný starobný,Novopriznané,418.85
2017-09,Starobný,Vyplácané,401.96
2017-09,Starobný,Novopriznané,468.65
2017-09,Vdovecký,Vyplácané,110.68
2017-09,Vdovecký,Novopriznané,118.86
2017-09,Vdovský,Vyplácané,162.4
2017-09,Vdovský,Novopriznané,181.03
2017-10,Invalidný,Vyplácané,264.11
2017-10,Invalidný,Novopriznané,251.89
2017-10,Predčasný starobný,Vyplácané,404.19
2017-10,Predčasný starobný,Novopriznané,410.3
2017-10,Starobný,Vyplácané,402.22
2017-10,Starobný,Novopriznané,466.05
2017-10,Vdovecký,Vyplácané,110.72
2017-10,Vdovecký,Novopriznané,121.05
2017-10,Vdovský,Vyplácané,162.43
2017-10,Vdovský,Novopriznané,182.72
2017-11,Invalidný,Vyplácané,263.84
2017-11,Invalidný,Novopriznané,259.3
2017-11,Predčasný starobný,Vyplácané,403.77
2017-11,Predčasný starobný,Novopriznané,408.09
2017-11,Starobný,Vyplácané,402.45
2017-11,Starobný,Novopriznané,502.75
2017-11,Vdovecký,Vyplácané,110.75
2017-11,Vdovecký,Novopriznané,123.7
2017-11,Vdovský,Vyplácané,162.6
2017-11,Vdovský,Novopriznané,190.61
2017-12,Invalidný,Vyplácané,263.62
2017-12,Invalidný,Novopriznané,249.2
2017-12,Predčasný starobný,Vyplácané,403.25
2017-12,Predčasný starobný,Novopriznané,412.84
2017-12,Starobný,Vyplácané,402.6
2017-12,Starobný,Novopriznané,502.25
2017-12,Vdovecký,Vyplácané,110.84
2017-12,Vdovecký,Novopriznané,130.55
2017-12,Vdovský,Vyplácané,162.64
2017-12,Vdovský,Novopriznané,195.58
2018-01,Invalidný,Vyplácané,268.69
2018-01,Invalidný,Novopriznané,252.49
2018-01,Predčasný starobný,Vyplácané,409.37
2018-01,Predčasný starobný,Novopriznané,433.44
2018-01,Starobný,Vyplácané,412.25
2018-01,Starobný,Novopriznané,467.86
2018-01,Vdovecký,Vyplácané,113.73
2018-01,Vdovecký,Novopriznané,124.54
2018-01,Vdovský,Vyplácané,165.88
2018-01,Vdovský,Novopriznané,189.79
2018-02,Invalidný,Vyplácané,268.4
2018-02,Invalidný,Novopriznané,261.56
2018-02,Predčasný starobný,Vyplácané,409.61
2018-02,Predčasný starobný,Novopriznané,456.93
2018-02,Starobný,Vyplácané,412.98
2018-02,Starobný,Novopriznané,470.15
2018-02,Vdovecký,Vyplácané,114.08
2018-02,Vdovecký,Novopriznané,125.96
2018-02,Vdovský,Vyplácané,166.06
2018-02,Vdovský,Novopriznané,187.01
2018-03,Invalidný,Vyplácané,268.29
2018-03,Invalidný,Novopriznané,251.61
2018-03,Predčasný starobný,Vyplácané,411.87
2018-03,Predčasný starobný,Novopriznané,455.43
2018-03,Starobný,Vyplácané,413.48
2018-03,Starobný,Novopriznané,496.12
2018-03,Vdovecký,Vyplácané,114.16
2018-03,Vdovecký,Novopriznané,121.34
2018-03,Vdovský,Vyplácané,166.09
2018-03,Vdovský,Novopriznané,187.99
2018-04,Invalidný,Vyplácané,268.38
2018-04,Invalidný,Novopriznané,265.65
2018-04,Predčasný starobný,Vyplácané,412.26
2018-04,Predčasný starobný,Novopriznané,426.33
2018-04,Starobný,Vyplácané,414.47
2018-04,Starobný,Novopriznané,533.42
2018-04,Vdovecký,Vyplácané,114.2
2018-04,Vdovecký,Novopriznané,125.52
2018-04,Vdovský,Vyplácané,166.14
2018-04,Vdovský,Novopriznané,189.48
2018-05,Invalidný,Vyplácané,268.44
2018-05,Invalidný,Novopriznané,263.12
2018-05,Predčasný starobný,Vyplácané,411.11
2018-05,Predčasný starobný,Novopriznané,437.06
2018-05,Starobný,Vyplácané,415.09
2018-05,Starobný,Novopriznané,523.05
2018-05,Vdovecký,Vyplácané,114.26
2018-05,Vdovecký,Novopriznané,127.79
2018-05,Vdovský,Vyplácané,166.14
2018-05,Vdovský,Novopriznané,186.89
2018-06,Invalidný,Vyplácané,268.21
2018-06,Invalidný,Novopriznané,263.6
2018-06,Predčasný starobný,Vyplácané,409.67
2018-06,Predčasný starobný,Novopriznané,415.3
2018-06,Starobný,Vyplácané,415.79
2018-06,Starobný,Novopriznané,497.18
2018-06,Vdovecký,Vyplácané,114.35
2018-06,Vdovecký,Novopriznané,120.23
2018-06,Vdovský,Vyplácané,166.24
2018-06,Vdovský,Novopriznané,191.18
2018-07,Invalidný,Vyplácané,267.96
2018-07,Invalidný,Novopriznané,262
2018-07,Predčasný starobný,Vyplácané,407.3
2018-07,Predčasný starobný,Novopriznané,416.92
2018-07,Starobný,Vyplácané,416.34
2018-07,Starobný,Novopriznané,515.81
2018-07,Vdovecký,Vyplácané,114.37
2018-07,Vdovecký,Novopriznané,125.55
2018-07,Vdovský,Vyplácané,166.24
2018-07,Vdovský,Novopriznané,195.62
2018-08,Invalidný,Vyplácané,267.68
2018-08,Invalidný,Novopriznané,257.16
2018-08,Predčasný starobný,Vyplácané,406.26
2018-08,Predčasný starobný,Novopriznané,437.59
2018-08,Starobný,Vyplácané,417
2018-08,Starobný,Novopriznané,536.56
2018-08,Vdovecký,Vyplácané,114.43
2018-08,Vdovecký,Novopriznané,126.51
2018-08,Vdovský,Vyplácané,166.19
2018-08,Vdovský,Novopriznané,197.06
2018-09,Invalidný,Vyplácané,267.45
2018-09,Invalidný,Novopriznané,267.22
2018-09,Predčasný starobný,Vyplácané,405.53
2018-09,Predčasný starobný,Novopriznané,433.31
2018-09,Starobný,Vyplácané,417.64
2018-09,Starobný,Novopriznané,543.63
2018-09,Vdovecký,Vyplácané,114.39
2018-09,Vdovecký,Novopriznané,125.04
2018-09,Vdovský,Vyplácané,166.17
2018-09,Vdovský,Novopriznané,196.75
2018-10,Invalidný,Vyplácané,267.24
2018-10,Invalidný,Novopriznané,265.97
2018-10,Predčasný starobný,Vyplácané,407.5
2018-10,Predčasný starobný,Novopriznané,428.89
2018-10,Starobný,Vyplácané,418.25
2018-10,Starobný,Novopriznané,546.97
2018-10,Vdovecký,Vyplácané,114.54
2018-10,Vdovecký,Novopriznané,130.54
2018-10,Vdovský,Vyplácané,166.27
2018-10,Vdovský,Novopriznané,197.56
2018-11,Invalidný,Vyplácané,267.08
2018-11,Invalidný,Novopriznané,265.36
2018-11,Predčasný starobný,Vyplácané,407.94
2018-11,Predčasný starobný,Novopriznané,414.97
2018-11,Starobný,Vyplácané,418.51
2018-11,Starobný,Novopriznané,521.49
2018-11,Vdovecký,Vyplácané,114.7
2018-11,Vdovecký,Novopriznané,126.95
2018-11,Vdovský,Vyplácané,166.41
2018-11,Vdovský,Novopriznané,202.27
2018-12,Invalidný,Vyplácané,266.83
2018-12,Invalidný,Novopriznané,266.14
2018-12,Predčasný starobný,Vyplácané,407.9
2018-12,Predčasný starobný,Novopriznané,416.75
2018-12,Starobný,Vyplácané,418.69
2018-12,Starobný,Novopriznané,492.44
2018-12,Vdovecký,Vyplácané,114.79
2018-12,Vdovecký,Novopriznané,126.89
2018-12,Vdovský,Vyplácané,166.58
2018-12,Vdovský,Novopriznané,201.96
2019-01,Invalidný,Vyplácané,273.75
2019-01,Invalidný,Novopriznané,274.65
2019-01,Predčasný starobný,Vyplácané,419.46
2019-01,Predčasný starobný,Novopriznané,444.68
2019-01,Starobný,Vyplácané,429.99
2019-01,Starobný,Novopriznané,505.74
2019-01,Vdovecký,Vyplácané,118.07
2019-01,Vdovecký,Novopriznané,124.52
2019-01,Vdovský,Vyplácané,171.32
2019-01,Vdovský,Novopriznané,198.96
2019-02,Invalidný,Vyplácané,273.73
2019-02,Invalidný,Novopriznané,269.53
2019-02,Predčasný starobný,Vyplácané,422.11
2019-02,Predčasný starobný,Novopriznané,475.76
2019-02,Starobný,Vyplácané,430.63
2019-02,Starobný,Novopriznané,511.16
2019-02,Vdovecký,Vyplácané,118.32
2019-02,Vdovecký,Novopriznané,130.42
2019-02,Vdovský,Vyplácané,171.56
2019-02,Vdovský,Novopriznané,202.1
2019-03,Invalidný,Vyplácané,273.69
2019-03,Invalidný,Novopriznané,276.03
2019-03,Predčasný starobný,Vyplácané,428.11
2019-03,Predčasný starobný,Novopriznané,468.72
2019-03,Starobný,Vyplácané,430.97
2019-03,Starobný,Novopriznané,538.21
2019-03,Vdovecký,Vyplácané,118.36
2019-03,Vdovecký,Novopriznané,130.3
2019-03,Vdovský,Vyplácané,171.61
2019-03,Vdovský,Novopriznané,197.35
2019-04,Invalidný,Vyplácané,273.56
2019-04,Invalidný,Novopriznané,275.6
2019-04,Predčasný starobný,Vyplácané,429.51
2019-04,Predčasný starobný,Novopriznané,447.99
2019-04,Starobný,Vyplácané,431.99
2019-04,Starobný,Novopriznané,527.61
2019-04,Vdovecký,Vyplácané,118.43
2019-04,Vdovecký,Novopriznané,132.3
2019-04,Vdovský,Vyplácané,171.61
2019-04,Vdovský,Novopriznané,195.67
2019-05,Invalidný,Vyplácané,273.51
2019-05,Invalidný,Novopriznané,278.07
2019-05,Predčasný starobný,Vyplácané,430.1
2019-05,Predčasný starobný,Novopriznané,451.3
2019-05,Starobný,Vyplácané,432.42
2019-05,Starobný,Novopriznané,522.74
2019-05,Vdovecký,Vyplácané,118.5
2019-05,Vdovecký,Novopriznané,133.58
2019-05,Vdovský,Vyplácané,171.61
2019-05,Vdovský,Novopriznané,200.3
2019-06,Invalidný,Vyplácané,273.8
2019-06,Invalidný,Novopriznané,277.94
2019-06,Predčasný starobný,Vyplácané,430.96
2019-06,Predčasný starobný,Novopriznané,436.2
2019-06,Starobný,Vyplácané,432.92
2019-06,Starobný,Novopriznané,511.38
2019-06,Vdovecký,Vyplácané,118.57
2019-06,Vdovecký,Novopriznané,128.51
2019-06,Vdovský,Vyplácané,171.63
2019-06,Vdovský,Novopriznané,196.03
2019-07,Invalidný,Vyplácané,273.83
2019-07,Invalidný,Novopriznané,278.73
2019-07,Predčasný starobný,Vyplácané,430.98
2019-07,Predčasný starobný,Novopriznané,442.89
2019-07,Starobný,Vyplácané,433.22
2019-07,Starobný,Novopriznané,491.98
2019-07,Vdovecký,Vyplácané,118.57
2019-07,Vdovecký,Novopriznané,139.66
2019-07,Vdovský,Vyplácané,171.61
2019-07,Vdovský,Novopriznané,203.6
2019-08,Invalidný,Vyplácané,273.81
2019-08,Invalidný,Novopriznané,272.42
2019-08,Predčasný starobný,Vyplácané,431.12
2019-08,Predčasný starobný,Novopriznané,463.71
2019-08,Starobný,Vyplácané,433.42
2019-08,Starobný,Novopriznané,501.98
2019-08,Vdovecký,Vyplácané,118.7
2019-08,Vdovecký,Novopriznané,136.5
2019-08,Vdovský,Vyplácané,171.62
2019-08,Vdovský,Novopriznané,199.3
2019-09,Invalidný,Vyplácané,273.7
2019-09,Invalidný,Novopriznané,285.55
2019-09,Predčasný starobný,Vyplácané,432.81
2019-09,Predčasný starobný,Novopriznané,469.73
2019-09,Starobný,Vyplácané,433.58
2019-09,Starobný,Novopriznané,513.47
2019-09,Vdovecký,Vyplácané,118.78
2019-09,Vdovecký,Novopriznané,127.77
2019-09,Vdovský,Vyplácané,171.61
2019-09,Vdovský,Novopriznané,207.45
2019-10,Invalidný,Vyplácané,273.65
2019-10,Invalidný,Novopriznané,285.36
2019-10,Predčasný starobný,Vyplácané,432.09
2019-10,Predčasný starobný,Novopriznané,462.82
2019-10,Starobný,Vyplácané,433.88
2019-10,Starobný,Novopriznané,518.75
2019-10,Vdovecký,Vyplácané,118.91
2019-10,Vdovecký,Novopriznané,138.09
2019-10,Vdovský,Vyplácané,171.72
2019-10,Vdovský,Novopriznané,207.27
2019-11,Invalidný,Vyplácané,273.57
2019-11,Invalidný,Novopriznané,286.54
2019-11,Predčasný starobný,Vyplácané,431.21
2019-11,Predčasný starobný,Novopriznané,470.26
2019-11,Starobný,Vyplácané,434.12
2019-11,Starobný,Novopriznané,534.06
2019-11,Vdovecký,Vyplácané,119.06
2019-11,Vdovecký,Novopriznané,138.67
2019-11,Vdovský,Vyplácané,171.81
2019-11,Vdovský,Novopriznané,206.17
2019-12,Invalidný,Vyplácané,273.39
2019-12,Invalidný,Novopriznané,281.54
2019-12,Predčasný starobný,Vyplácané,429.86
2019-12,Predčasný starobný,Novopriznané,454.27
2019-12,Starobný,Vyplácané,434.23
2019-12,Starobný,Novopriznané,551.01
2019-12,Vdovecký,Vyplácané,119.11
2019-12,Vdovecký,Novopriznané,135.8
2019-12,Vdovský,Vyplácané,171.87
2019-12,Vdovský,Novopriznané,204.14
2020-01,Invalidný,Vyplácané,281.34
2020-01,Invalidný,Novopriznané,295.18
2020-01,Predčasný starobný,Vyplácané,440.87
2020-01,Predčasný starobný,Novopriznané,501.6
2020-01,Starobný,Vyplácané,449.42
2020-01,Starobný,Novopriznané,563.87
2020-01,Vdovecký,Vyplácané,122.86
2020-01,Vdovecký,Novopriznané,138.75
2020-01,Vdovský,Vyplácané,177.25
2020-01,Vdovský,Novopriznané,206.27
2020-02,Invalidný,Vyplácané,281.36
2020-02,Invalidný,Novopriznané,299.84
2020-02,Predčasný starobný,Vyplácané,441.98
2020-02,Predčasný starobný,Novopriznané,500.09
2020-02,Starobný,Vyplácané,452.98
2020-02,Starobný,Novopriznané,603.66
2020-02,Vdovecký,Vyplácané,123.24
2020-02,Vdovecký,Novopriznané,130.02
2020-02,Vdovský,Vyplácané,177.6
2020-02,Vdovský,Novopriznané,205.05
2020-03,Invalidný,Vyplácané,281.35
2020-03,Invalidný,Novopriznané,306.03
2020-03,Predčasný starobný,Vyplácané,443.8
2020-03,Predčasný starobný,Novopriznané,467.54
2020-03,Starobný,Vyplácané,453.42
2020-03,Starobný,Novopriznané,625.23
2020-03,Vdovecký,Vyplácané,123.26
2020-03,Vdovecký,Novopriznané,140.19
2020-03,Vdovský,Vyplácané,177.74
2020-03,Vdovský,Novopriznané,204.26
2020-04,Invalidný,Vyplácané,281.39
2020-04,Invalidný,Novopriznané,300.99
2020-04,Predčasný starobný,Vyplácané,444.08
2020-04,Predčasný starobný,Novopriznané,501.28
2020-04,Starobný,Vyplácané,454.56
2020-04,Starobný,Novopriznané,620.74
2020-04,Vdovecký,Vyplácané,123.39
2020-04,Vdovecký,Novopriznané,147.44
2020-04,Vdovský,Vyplácané,177.85
2020-04,Vdovský,Novopriznané,215.57
2020-05,Invalidný,Vyplácané,281.31
2020-05,Invalidný,Novopriznané,314.54
2020-05,Predčasný starobný,Vyplácané,445.13
2020-05,Predčasný starobný,Novopriznané,494.17
2020-05,Starobný,Vyplácané,455.1
2020-05,Starobný,Novopriznané,606.41
2020-05,Vdovecký,Vyplácané,123.55
2020-05,Vdovecký,Novopriznané,142.43
2020-05,Vdovský,Vyplácané,177.92
2020-05,Vdovský,Novopriznané,211.42
2020-06,Invalidný,Vyplácané,281.49
2020-06,Invalidný,Novopriznané,310.43
2020-06,Predčasný starobný,Vyplácané,446.64
2020-06,Predčasný starobný,Novopriznané,495.3
2020-06,Starobný,Vyplácané,455.76
2020-06,Starobný,Novopriznané,598.72
2020-06,Vdovecký,Vyplácané,123.54
2020-06,Vdovecký,Novopriznané,139.33
2020-06,Vdovský,Vyplácané,177.96
2020-06,Vdovský,Novopriznané,220.75
2020-07,Invalidný,Vyplácané,281.85
2020-07,Invalidný,Novopriznané,309.83
2020-07,Predčasný starobný,Vyplácané,449.57
2020-07,Predčasný starobný,Novopriznané,500.15
2020-07,Starobný,Vyplácané,456.35
2020-07,Starobný,Novopriznané,595.37
2020-07,Vdovecký,Vyplácané,123.62
2020-07,Vdovecký,Novopriznané,139.67
2020-07,Vdovský,Vyplácané,178.03
2020-07,Vdovský,Novopriznané,213.01
2020-08,Invalidný,Vyplácané,282.15
2020-08,Invalidný,Novopriznané,303.43
2020-08,Predčasný starobný,Vyplácané,454.19
2020-08,Predčasný starobný,Novopriznané,486.37
2020-08,Starobný,Vyplácané,456.88
2020-08,Starobný,Novopriznané,584.44
2020-08,Vdovecký,Vyplácané,123.76
2020-08,Vdovecký,Novopriznané,142.1
2020-08,Vdovský,Vyplácané,178.18
2020-08,Vdovský,Novopriznané,217.5
2020-09,Invalidný,Vyplácané,282
2020-09,Invalidný,Novopriznané,305.65
2020-09,Predčasný starobný,Vyplácané,455.3
2020-09,Predčasný starobný,Novopriznané,505.9
2020-09,Starobný,Vyplácané,457.26
2020-09,Starobný,Novopriznané,557.03
2020-09,Vdovecký,Vyplácané,123.8
2020-09,Vdovecký,Novopriznané,143.59
2020-09,Vdovský,Vyplácané,178.27
2020-09,Vdovský,Novopriznané,211.76
2020-10,Invalidný,Vyplácané,282.06
2020-10,Invalidný,Novopriznané,310.56
2020-10,Predčasný starobný,Vyplácané,457.74
2020-10,Predčasný starobný,Novopriznané,518.67
2020-10,Starobný,Vyplácané,457.63
2020-10,Starobný,Novopriznané,529.45
2020-10,Vdovecký,Vyplácané,123.95
2020-10,Vdovecký,Novopriznané,137.34
2020-10,Vdovský,Vyplácané,178.36
2020-10,Vdovský,Novopriznané,205.98
2020-11,Invalidný,Vyplácané,282.07
2020-11,Invalidný,Novopriznané,313.16
2020-11,Predčasný starobný,Vyplácané,463.25
2020-11,Predčasný starobný,Novopriznané,515.59
2020-11,Starobný,Vyplácané,457.8
2020-11,Starobný,Novopriznané,555.32
2020-11,Vdovecký,Vyplácané,124.12
2020-11,Vdovecký,Novopriznané,139.64
2020-11,Vdovský,Vyplácané,178.42
2020-11,Vdovský,Novopriznané,216.17
2020-12,Invalidný,Vyplácané,282.21
2020-12,Invalidný,Novopriznané,301.09
2020-12,Predčasný starobný,Vyplácané,470.47
2020-12,Predčasný starobný,Novopriznané,514.79
2020-12,Starobný,Vyplácané,458
2020-12,Starobný,Novopriznané,578.17
2020-12,Vdovecký,Vyplácané,124.25
2020-12,Vdovecký,Novopriznané,181.96
2020-12,Vdovský,Vyplácané,178.51
2020-12,Vdovský,Novopriznané,257.22
2021-01,Invalidný,Vyplácané,289.6
2021-01,Invalidný,Novopriznané,314.41
2021-01,Predčasný starobný,Vyplácané,482.72
2021-01,Predčasný starobný,Novopriznané,533.13
2021-01,Starobný,Vyplácané,468.95
2021-01,Starobný,Novopriznané,556.92
2021-01,Vdovecký,Vyplácané,127.89
2021-01,Vdovecký,Novopriznané,140.65
2021-01,Vdovský,Vyplácané,183.37
2021-01,Vdovský,Novopriznané,227.82
2021-02,Invalidný,Vyplácané,289.35
2021-02,Invalidný,Novopriznané,330.01
2021-02,Predčasný starobný,Vyplácané,483.72
2021-02,Predčasný starobný,Novopriznané,559.04
2021-02,Starobný,Vyplácané,469.76
2021-02,Starobný,Novopriznané,562.04
2021-02,Vdovecký,Vyplácané,128.39
2021-02,Vdovecký,Novopriznané,139.66
2021-02,Vdovský,Vyplácané,183.75
2021-02,Vdovský,Novopriznané,208.03
2021-03,Invalidný,Vyplácané,289.16
2021-03,Invalidný,Novopriznané,320.78
2021-03,Predčasný starobný,Vyplácané,486.95
2021-03,Predčasný starobný,Novopriznané,586.17
2021-03,Starobný,Vyplácané,470.07
2021-03,Starobný,Novopriznané,579.3
2021-03,Vdovecký,Vyplácané,128.63
2021-03,Vdovecký,Novopriznané,142.76
2021-03,Vdovský,Vyplácané,183.91
2021-03,Vdovský,Novopriznané,216.63
2021-04,Invalidný,Vyplácané,289.09
2021-04,Invalidný,Novopriznané,335.15
2021-04,Predčasný starobný,Vyplácané,490.41
2021-04,Predčasný starobný,Novopriznané,545.31
2021-04,Starobný,Vyplácané,471.22
2021-04,Starobný,Novopriznané,592.27
2021-04,Vdovecký,Vyplácané,128.8
2021-04,Vdovecký,Novopriznané,143.56
2021-04,Vdovský,Vyplácané,184.04
2021-04,Vdovský,Novopriznané,216.66
2021-05,Invalidný,Vyplácané,289.21
2021-05,Invalidný,Novopriznané,333.56
2021-05,Predčasný starobný,Vyplácané,490.72
2021-05,Predčasný starobný,Novopriznané,509.54
2021-05,Starobný,Vyplácané,471.87
2021-05,Starobný,Novopriznané,586.74
2021-05,Vdovecký,Vyplácané,128.88
2021-05,Vdovecký,Novopriznané,139.64
2021-05,Vdovský,Vyplácané,184.11
2021-05,Vdovský,Novopriznané,219.82
2021-06,Invalidný,Vyplácané,289.45
2021-06,Invalidný,Novopriznané,323.32
2021-06,Predčasný starobný,Vyplácané,490.08
2021-06,Predčasný starobný,Novopriznané,505.71
2021-06,Starobný,Vyplácané,472.66
2021-06,Starobný,Novopriznané,580.89
2021-06,Vdovecký,Vyplácané,128.96
2021-06,Vdovecký,Novopriznané,141.32
2021-06,Vdovský,Vyplácané,184.29
2021-06,Vdovský,Novopriznané,226.19
2021-07,Invalidný,Vyplácané,289.7
2021-07,Invalidný,Novopriznané,325.47
2021-07,Predčasný starobný,Vyplácané,489.04
2021-07,Predčasný starobný,Novopriznané,501.12
2021-07,Starobný,Vyplácané,473.29
2021-07,Starobný,Novopriznané,582.04
2021-07,Vdovecký,Vyplácané,129.12
2021-07,Vdovecký,Novopriznané,144.98
2021-07,Vdovský,Vyplácané,184.54
2021-07,Vdovský,Novopriznané,231.4
2021-08,Invalidný,Vyplácané,289.9
2021-08,Invalidný,Novopriznané,319.5
2021-08,Predčasný starobný,Vyplácané,494.57
2021-08,Predčasný starobný,Novopriznané,508.67
2021-08,Starobný,Vyplácané,473.87
2021-08,Starobný,Novopriznané,577.89
2021-08,Vdovecký,Vyplácané,129.24
2021-08,Vdovecký,Novopriznané,147.91
2021-08,Vdovský,Vyplácané,184.79
2021-08,Vdovský,Novopriznané,229.27
2021-09,Invalidný,Vyplácané,290.27
2021-09,Invalidný,Novopriznané,326.66
2021-09,Predčasný starobný,Vyplácané,497.54
2021-09,Predčasný starobný,Novopriznané,507.91
2021-09,Starobný,Vyplácané,474.32
2021-09,Starobný,Novopriznané,592.64
2021-09,Vdovecký,Vyplácané,129.31
2021-09,Vdovecký,Novopriznané,147.91
2021-09,Vdovský,Vyplácané,184.84
2021-09,Vdovský,Novopriznané,228.38
2021-10,Invalidný,Vyplácané,290.61
2021-10,Invalidný,Novopriznané,313.45
2021-10,Predčasný starobný,Vyplácané,498.58
2021-10,Predčasný starobný,Novopriznané,508.33
2021-10,Starobný,Vyplácané,474.75
2021-10,Starobný,Novopriznané,575.21
2021-10,Vdovecký,Vyplácané,129.34
2021-10,Vdovecký,Novopriznané,145.58
2021-10,Vdovský,Vyplácané,184.9
2021-10,Vdovský,Novopriznané,223.47
2021-11,Invalidný,Vyplácané,290.55
2021-11,Invalidný,Novopriznané,328.94
2021-11,Predčasný starobný,Vyplácané,496.94
2021-11,Predčasný starobný,Novopriznané,506.57
2021-11,Starobný,Vyplácané,474.96
2021-11,Starobný,Novopriznané,563.62
2021-11,Vdovecký,Vyplácané,129.35
2021-11,Vdovecký,Novopriznané,148.19
2021-11,Vdovský,Vyplácané,184.92
2021-11,Vdovský,Novopriznané,228.51
2021-12,Invalidný,Vyplácané,290.61
2021-12,Invalidný,Novopriznané,330.83
2021-12,Predčasný starobný,Vyplácané,495.75
2021-12,Predčasný starobný,Novopriznané,514.27
2021-12,Starobný,Vyplácané,475.49
2021-12,Starobný,Novopriznané,545.68
2021-12,Vdovecký,Vyplácané,129.55
2021-12,Vdovecký,Novopriznané,170.08
2021-12,Vdovský,Vyplácané,185.08
2021-12,Vdovský,Novopriznané,249.84
2022-01,Invalidný,Vyplácané,294.27
2022-01,Invalidný,Novopriznané,340.09
2022-01,Predčasný starobný,Vyplácané,500.39
2022-01,Predčasný starobný,Novopriznané,511.31
2022-01,Starobný,Vyplácané,481.32
2022-01,Starobný,Novopriznané,556.1
2022-01,Vdovecký,Vyplácané,131.42
2022-01,Vdovecký,Novopriznané,150.35
2022-01,Vdovský,Vyplácané,187.64
2022-01,Vdovský,Novopriznané,215.47
2022-02,Invalidný,Vyplácané,294.65
2022-02,Invalidný,Novopriznané,332.19
2022-02,Predčasný starobný,Vyplácané,500.17
2022-02,Predčasný starobný,Novopriznané,563.06
2022-02,Starobný,Vyplácané,482.23
2022-02,Starobný,Novopriznané,584.35
2022-02,Vdovecký,Vyplácané,132.09
2022-02,Vdovecký,Novopriznané,143.83
2022-02,Vdovský,Vyplácané,188.03
2022-02,Vdovský,Novopriznané,218.81
2022-03,Invalidný,Vyplácané,294.71
2022-03,Invalidný,Novopriznané,334.1
2022-03,Predčasný starobný,Vyplácané,503.63
2022-03,Predčasný starobný,Novopriznané,554.03
2022-03,Starobný,Vyplácané,482.62
2022-03,Starobný,Novopriznané,620.39
2022-03,Vdovecký,Vyplácané,132.28
2022-03,Vdovecký,Novopriznané,142.8
2022-03,Vdovský,Vyplácané,188.22
2022-03,Vdovský,Novopriznané,223.5
2022-04,Invalidný,Vyplácané,294.87
2022-04,Invalidný,Novopriznané,342.65
2022-04,Predčasný starobný,Vyplácané,504.77
2022-04,Predčasný starobný,Novopriznané,543.34
2022-04,Starobný,Vyplácané,483.85
2022-04,Starobný,Novopriznané,606.85
2022-04,Vdovecký,Vyplácané,132.41
2022-04,Vdovecký,Novopriznané,148.87
2022-04,Vdovský,Vyplácané,188.44
2022-04,Vdovský,Novopriznané,228.85
2022-05,Invalidný,Vyplácané,295.1
2022-05,Invalidný,Novopriznané,334.98
2022-05,Predčasný starobný,Vyplácané,502.91
2022-05,Predčasný starobný,Novopriznané,532.84
2022-05,Starobný,Vyplácané,484.49
2022-05,Starobný,Novopriznané,601.93
2022-05,Vdovecký,Vyplácané,132.5
2022-05,Vdovecký,Novopriznané,143.78
2022-05,Vdovský,Vyplácané,188.58
2022-05,Vdovský,Novopriznané,222.27
2022-06,Invalidný,Vyplácané,295.26
2022-06,Invalidný,Novopriznané,339.57
2022-06,Predčasný starobný,Vyplácané,501.87
2022-06,Predčasný starobný,Novopriznané,519.13
2022-06,Starobný,Vyplácané,484.98
2022-06,Starobný,Novopriznané,597.33
2022-06,Vdovecký,Vyplácané,132.43
2022-06,Vdovecký,Novopriznané,149
2022-06,Vdovský,Vyplácané,188.63
2022-06,Vdovský,Novopriznané,222.73
2022-07,Invalidný,Vyplácané,295.31
2022-07,Invalidný,Novopriznané,340.66
2022-07,Predčasný starobný,Vyplácané,500.28
2022-07,Predčasný starobný,Novopriznané,520.49
2022-07,Starobný,Vyplácané,486.12
2022-07,Starobný,Novopriznané,597.21
2022-07,Vdovecký,Vyplácané,132.46
2022-07,Vdovecký,Novopriznané,151.04
2022-07,Vdovský,Vyplácané,188.64
2022-07,Vdovský,Novopriznané,233.33
2022-08,Invalidný,Vyplácané,295.59
2022-08,Invalidný,Novopriznané,337.2
2022-08,Predčasný starobný,Vyplácané,497.33
2022-08,Predčasný starobný,Novopriznané,536.4
2022-08,Starobný,Vyplácané,486.12
2022-08,Starobný,Novopriznané,601.81
2022-08,Vdovecký,Vyplácané,132.48
2022-08,Vdovecký,Novopriznané,154.85
2022-08,Vdovský,Vyplácané,188.8
2022-08,Vdovský,Novopriznané,237.41
2022-09,Invalidný,Vyplácané,295.82
2022-09,Invalidný,Novopriznané,360.64
2022-09,Predčasný starobný,Vyplácané,498.79
2022-09,Predčasný starobný,Novopriznané,539.54
2022-09,Starobný,Vyplácané,486.58
2022-09,Starobný,Novopriznané,606.22
2022-09,Vdovecký,Vyplácané,132.6
2022-09,Vdovecký,Novopriznané,143.56
2022-09,Vdovský,Vyplácané,188.88
2022-09,Vdovský,Novopriznané,222.01
2022-10,Invalidný,Vyplácané,296.09
2022-10,Invalidný,Novopriznané,362.37
2022-10,Predčasný starobný,Vyplácané,499.36
2022-10,Predčasný starobný,Novopriznané,551.08
2022-10,Starobný,Vyplácané,487.06
2022-10,Starobný,Novopriznané,612.76
2022-10,Vdovecký,Vyplácané,132.72
2022-10,Vdovecký,Novopriznané,147.33
2022-10,Vdovský,Vyplácané,188.95
2022-10,Vdovský,Novopriznané,222.71
2022-11,Invalidný,Vyplácané,296.45
2022-11,Invalidný,Novopriznané,354.11
2022-11,Predčasný starobný,Vyplácané,503.3
2022-11,Predčasný starobný,Novopriznané,537.82
2022-11,Starobný,Vyplácané,487.36
2022-11,Starobný,Novopriznané,597.63
2022-11,Vdovecký,Vyplácané,132.76
2022-11,Vdovecký,Novopriznané,155.33
2022-11,Vdovský,Vyplácané,189.02
2022-11,Vdovský,Novopriznané,232.07
2022-12,Invalidný,Vyplácané,296.83
2022-12,Invalidný,Novopriznané,360.22
2022-12,Predčasný starobný,Vyplácané,507.75
2022-12,Predčasný starobný,Novopriznané,538.31
2022-12,Starobný,Vyplácané,487.75
2022-12,Starobný,Novopriznané,607.45
2022-12,Vdovecký,Vyplácané,132.88
2022-12,Vdovecký,Novopriznané,169.54
2022-12,Vdovský,Vyplácané,189.12
2022-12,Vdovský,Novopriznané,244.29
2023-01,Invalidný,Vyplácané,331.84
2023-01,Invalidný,Novopriznané,399.23
2023-01,Predčasný starobný,Vyplácané,566.92
2023-01,Predčasný starobný,Novopriznané,616.4
2023-01,Starobný,Vyplácané,541.92
2023-01,Starobný,Novopriznané,618.96
2023-01,Vdovecký,Vyplácané,148.59
2023-01,Vdovecký,Novopriznané,169.57
2023-01,Vdovský,Vyplácané,211.52
2023-01,Vdovský,Novopriznané,251.59
2023-02,Invalidný,Vyplácané,332.78
2023-02,Invalidný,Novopriznané,393.42
2023-02,Predčasný starobný,Vyplácané,568.74
2023-02,Predčasný starobný,Novopriznané,721.66
2023-02,Starobný,Vyplácané,542.85
2023-02,Starobný,Novopriznané,620.84
2023-02,Vdovecký,Vyplácané,149.23
2023-02,Vdovecký,Novopriznané,166.51
2023-02,Vdovský,Vyplácané,212.08
2023-02,Vdovský,Novopriznané,244.54
2023-03,Invalidný,Vyplácané,333.11
2023-03,Invalidný,Novopriznané,394.12
2023-03,Predčasný starobný,Vyplácané,589.48
2023-03,Predčasný starobný,Novopriznané,687.14
2023-03,Starobný,Vyplácané,543.13
2023-03,Starobný,Novopriznané,688.83
2023-03,Vdovecký,Vyplácané,149.62
2023-03,Vdovecký,Novopriznané,164.39
2023-03,Vdovský,Vyplácané,212.31
2023-03,Vdovský,Novopriznané,245.01
2023-04,Invalidný,Vyplácané,333.44
2023-04,Invalidný,Novopriznané,398.56
2023-04,Predčasný starobný,Vyplácané,595.02
2023-04,Predčasný starobný,Novopriznané,665.09
2023-04,Starobný,Vyplácané,544.42
2023-04,Starobný,Novopriznané,730.05
2023-04,Vdovecký,Vyplácané,150.25
2023-04,Vdovecký,Novopriznané,174.78
2023-04,Vdovský,Vyplácané,212.81
2023-04,Vdovský,Novopriznané,260.33
2023-05,Invalidný,Vyplácané,333.82
2023-05,Invalidný,Novopriznané,397.02
2023-05,Predčasný starobný,Vyplácané,599.27
2023-05,Predčasný starobný,Novopriznané,675.68
2023-05,Starobný,Vyplácané,545.12
2023-05,Starobný,Novopriznané,710.27
2023-05,Vdovecký,Vyplácané,150.5
2023-05,Vdovecký,Novopriznané,165.49
2023-05,Vdovský,Vyplácané,212.99
2023-05,Vdovský,Novopriznané,251.35
2023-06,Invalidný,Vyplácané,334.21
2023-06,Invalidný,Novopriznané,397.77
2023-06,Predčasný starobný,Vyplácané,604.2
2023-06,Predčasný starobný,Novopriznané,678.25
2023-06,Starobný,Vyplácané,545.92
2023-06,Starobný,Novopriznané,712.93
2023-06,Vdovecký,Vyplácané,150.51
2023-06,Vdovecký,Novopriznané,164.96
2023-06,Vdovský,Vyplácané,213.04
2023-06,Vdovský,Novopriznané,251.57
2023-07,Invalidný,Vyplácané,334.57
2023-07,Invalidný,Novopriznané,430.27
2023-07,Predčasný starobný,Vyplácané,607.83
2023-07,Predčasný starobný,Novopriznané,693.23
2023-07,Starobný,Vyplácané,546.33
2023-07,Starobný,Novopriznané,776.04
2023-07,Vdovecký,Vyplácané,150.48
2023-07,Vdovecký,Novopriznané,185.22
2023-07,Vdovský,Vyplácané,213.08
2023-07,Vdovský,Novopriznané,307.14
2023-08,Invalidný,Vyplácané,369.83
2023-08,Invalidný,Novopriznané,461.34
2023-08,Predčasný starobný,Vyplácané,673.61
2023-08,Predčasný starobný,Novopriznané,738.99
2023-08,Starobný,Vyplácané,604.66
2023-08,Starobný,Novopriznané,795.78
2023-08,Vdovecký,Vyplácané,166.4
2023-08,Vdovecký,Novopriznané,188.6
2023-08,Vdovský,Vyplácané,235.66
2023-08,Vdovský,Novopriznané,292.45
2023-09,Invalidný,Vyplácané,370.72
2023-09,Invalidný,Novopriznané,442.25
2023-09,Predčasný starobný,Vyplácané,681.88
2023-09,Predčasný starobný,Novopriznané,754.47
2023-09,Starobný,Vyplácané,606.18
2023-09,Starobný,Novopriznané,783.41
2023-09,Vdovecký,Vyplácané,166.58
2023-09,Vdovecký,Novopriznané,188.57
2023-09,Vdovský,Vyplácané,235.99
2023-09,Vdovský,Novopriznané,283.55
2023-10,Invalidný,Vyplácané,371.02
2023-10,Invalidný,Novopriznané,424.79
2023-10,Predčasný starobný,Vyplácané,687.06
2023-10,Predčasný starobný,Novopriznané,744.12
2023-10,Starobný,Vyplácané,609.22
2023-10,Starobný,Novopriznané,779.24
2023-10,Vdovecký,Vyplácané,166.6
2023-10,Vdovecký,Novopriznané,187.91
2023-10,Vdovský,Vyplácané,236.03
2023-10,Vdovský,Novopriznané,292.69
2023-11,Invalidný,Vyplácané,371.11
2023-11,Invalidný,Novopriznané,464.65
2023-11,Predčasný starobný,Vyplácané,691.67
2023-11,Predčasný starobný,Novopriznané,759.87
2023-11,Starobný,Vyplácané,609.75
2023-11,Starobný,Novopriznané,787.7
2023-11,Vdovecký,Vyplácané,166.65
2023-11,Vdovecký,Novopriznané,211.58
2023-11,Vdovský,Vyplácané,236.07
2023-11,Vdovský,Novopriznané,291.45
2023-12,Invalidný,Vyplácané,371.25
2023-12,Invalidný,Novopriznané,453.27
2023-12,Predčasný starobný,Vyplácané,697.53
2023-12,Predčasný starobný,Novopriznané,754.72
2023-12,Starobný,Vyplácané,610.3
2023-12,Starobný,Novopriznané,815.3
2023-12,Vdovecký,Vyplácané,166.8
2023-12,Vdovecký,Novopriznané,220.45
2023-12,Vdovský,Vyplácané,236.19
2023-12,Vdovský,Novopriznané,301.76
2024-01,Invalidný,Vyplácané,385.29
2024-01,Invalidný,Novopriznané,486.4
2024-01,Predčasný starobný,Vyplácané,730.39
2024-01,Predčasný starobný,Novopriznané,774.9
2024-01,Starobný,Vyplácané,631.47
2024-01,Starobný,Novopriznané,835.24
2024-01,Vdovecký,Vyplácané,172.92
2024-01,Vdovecký,Novopriznané,196.18
2024-01,Vdovský,Vyplácané,244.85
2024-01,Vdovský,Novopriznané,308.12
2024-02,Invalidný,Vyplácané,386.81
2024-02,Invalidný,Novopriznané,468.16
2024-02,Predčasný starobný,Vyplácané,745.14
2024-02,Predčasný starobný,Novopriznané,784.32
2024-02,Starobný,Vyplácané,632.97
2024-02,Starobný,Novopriznané,816.64
2024-02,Vdovecký,Vyplácané,173.44
2024-02,Vdovecký,Novopriznané,198.4
2024-02,Vdovský,Vyplácané,245.19
2024-02,Vdovský,Novopriznané,285.17
2024-03,Invalidný,Vyplácané,387.77
2024-03,Invalidný,Novopriznané,468.53
2024-03,Predčasný starobný,Vyplácané,751.88
2024-03,Predčasný starobný,Novopriznané,774.22
2024-03,Starobný,Vyplácané,633.51
2024-03,Starobný,Novopriznané,792.92
2024-03,Vdovecký,Vyplácané,173.5
2024-03,Vdovecký,Novopriznané,196.51
2024-03,Vdovský,Vyplácané,245.21
2024-03,Vdovský,Novopriznané,280.31
2024-04,Invalidný,Vyplácané,388.79
2024-04,Invalidný,Novopriznané,491.3
2024-04,Predčasný starobný,Vyplácané,754.23
2024-04,Predčasný starobný,Novopriznané,771.19
2024-04,Starobný,Vyplácané,634.97
2024-04,Starobný,Novopriznané,788.05
2024-04,Vdovecký,Vyplácané,173.59
2024-04,Vdovecký,Novopriznané,187.18
2024-04,Vdovský,Vyplácané,245.22
2024-04,Vdovský,Novopriznané,282.55
2024-05,Invalidný,Vyplácané,389.56
2024-05,Invalidný,Novopriznané,478.3
2024-05,Predčasný starobný,Vyplácané,752.88
2024-05,Predčasný starobný,Novopriznané,724.13
2024-05,Starobný,Vyplácané,635.86
2024-05,Starobný,Novopriznané,751.98
2024-05,Vdovecký,Vyplácané,173.56
2024-05,Vdovecký,Novopriznané,208.88
2024-05,Vdovský,Vyplácané,245.3
2024-05,Vdovský,Novopriznané,306.6
2024-06,Invalidný,Vyplácané,391.34
2024-06,Invalidný,Novopriznané,459.81
2024-06,Predčasný starobný,Vyplácané,749.44
2024-06,Predčasný starobný,Novopriznané,684.44
2024-06,Starobný,Vyplácané,637.67
2024-06,Starobný,Novopriznané,747.09
2024-06,Vdovecký,Vyplácané,173.75
2024-06,Vdovecký,Novopriznané,206.23
2024-06,Vdovský,Vyplácané,245.34
2024-06,Vdovský,Novopriznané,295.18
2024-07,Invalidný,Vyplácané,392.52
2024-07,Invalidný,Novopriznané,462.29
2024-07,Predčasný starobný,Vyplácané,743.53
2024-07,Predčasný starobný,Novopriznané,682.98
2024-07,Starobný,Vyplácané,638.29
2024-07,Starobný,Novopriznané,763.67
2024-07,Vdovecký,Vyplácané,173.87
2024-07,Vdovecký,Novopriznané,186.83
2024-07,Vdovský,Vyplácané,245.42
2024-07,Vdovský,Novopriznané,295.21
2024-08,Invalidný,Vyplácané,393.51
2024-08,Invalidný,Novopriznané,459.33
2024-08,Predčasný starobný,Vyplácané,738.28
2024-08,Predčasný starobný,Novopriznané,694.38
2024-08,Starobný,Vyplácané,638.94
2024-08,Starobný,Novopriznané,753.24
2024-08,Vdovecký,Vyplácané,173.91
2024-08,Vdovecký,Novopriznané,197.8
2024-08,Vdovský,Vyplácané,245.48
2024-08,Vdovský,Novopriznané,302.93
2024-09,Invalidný,Vyplácané,394.54
2024-09,Invalidný,Novopriznané,457.81
2024-09,Predčasný starobný,Vyplácané,736.55
2024-09,Predčasný starobný,Novopriznané,730.34
2024-09,Starobný,Vyplácané,639.63
2024-09,Starobný,Novopriznané,761.4
2024-09,Vdovecký,Vyplácané,174.01
2024-09,Vdovecký,Novopriznané,199.6
2024-09,Vdovský,Vyplácané,245.62
2024-09,Vdovský,Novopriznané,293.31
2024-10,Invalidný,Vyplácané,395.39
2024-10,Invalidný,Novopriznané,466.27
2024-10,Predčasný starobný,Vyplácané,735.05
2024-10,Predčasný starobný,Novopriznané,725.28
2024-10,Starobný,Vyplácané,640.29
2024-10,Starobný,Novopriznané,765.22
2024-10,Vdovecký,Vyplácané,174.21
2024-10,Vdovecký,Novopriznané,187.14
2024-10,Vdovský,Vyplácané,245.82
2024-10,Vdovský,Novopriznané,298.68
2024-11,Invalidný,Vyplácané,396.1
2024-11,Invalidný,Novopriznané,448.78
2024-11,Predčasný starobný,Vyplácané,732.23
2024-11,Predčasný starobný,Novopriznané,716.72
2024-11,Starobný,Vyplácané,641.92
2024-11,Starobný,Novopriznané,758.23
2024-11,Vdovecký,Vyplácané,174.31
2024-11,Vdovecký,Novopriznané,196.13
2024-11,Vdovský,Vyplácané,245.98
2024-11,Vdovský,Novopriznané,291.34
2024-12,Invalidný,Vyplácané,396.51
2024-12,Invalidný,Novopriznané,451.3
2024-12,Predčasný starobný,Vyplácané,729.3
2024-12,Predčasný starobný,Novopriznané,733.25
2024-12,Starobný,Vyplácané,642.35
2024-12,Starobný,Novopriznané,769.61
2024-12,Vdovecký,Vyplácané,174.42
2024-12,Vdovecký,Novopriznané,243.55
2024-12,Vdovský,Vyplácané,246.13
2024-12,Vdovský,Novopriznané,316.47
2025-01,Invalidný,Vyplácané,405.12
2025-01,Invalidný,Novopriznané,463.31
2025-01,Predčasný starobný,Vyplácané,742.75
2025-01,Predčasný starobný,Novopriznané,767.12
2025-01,Starobný,Vyplácané,656.22
2025-01,Starobný,Novopriznané,784.14
2025-01,Vdovecký,Vyplácané,178.31
2025-01,Vdovecký,Novopriznané,199.74
2025-01,Vdovský,Vyplácané,251.47
2025-01,Vdovský,Novopriznané,310.55
2025-02,Invalidný,Vyplácané,405.97
2025-02,Invalidný,Novopriznané,461.49
2025-02,Predčasný starobný,Vyplácané,741.25
2025-02,Predčasný starobný,Novopriznané,763.35
2025-02,Starobný,Vyplácané,657.43
2025-02,Starobný,Novopriznané,797.3
2025-02,Vdovecký,Vyplácané,178.78
2025-02,Vdovecký,Novopriznané,193.78
2025-02,Vdovský,Vyplácané,251.86
2025-02,Vdovský,Novopriznané,303.58
2025-03,Invalidný,Vyplácané,406.76
2025-03,Invalidný,Novopriznané,463.85
2025-03,Predčasný starobný,Vyplácané,742.35
2025-03,Predčasný starobný,Novopriznané,716.52
2025-03,Starobný,Vyplácané,658.04
2025-03,Starobný,Novopriznané,707.64
2025-03,Vdovecký,Vyplácané,178.86
2025-03,Vdovecký,Novopriznané,196.45
2025-03,Vdovský,Vyplácané,251.94
2025-03,Vdovský,Novopriznané,298.9
2025-04,Invalidný,Vyplácané,407.6
2025-04,Invalidný,Novopriznané,458.46
2025-04,Predčasný starobný,Vyplácané,742.74
2025-04,Predčasný starobný,Novopriznané,708.45
2025-04,Starobný,Vyplácané,659.2
2025-04,Starobný,Novopriznané,674.05
2025-04,Vdovecký,Vyplácané,179.04
2025-04,Vdovecký,Novopriznané,197.08
2025-04,Vdovský,Vyplácané,252.18
2025-04,Vdovský,Novopriznané,303.36
2025-05,Invalidný,Vyplácané,408.14
2025-05,Invalidný,Novopriznané,450.11
2025-05,Predčasný starobný,Vyplácané,739.81
2025-05,Predčasný starobný,Novopriznané,688.23
2025-05,Starobný,Vyplácané,659.52
2025-05,Starobný,Novopriznané,631.46
2025-05,Vdovecký,Vyplácané,179.22
2025-05,Vdovecký,Novopriznané,205.29
2025-05,Vdovský,Vyplácané,252.35
2025-05,Vdovský,Novopriznané,303.57
2025-06,Invalidný,Vyplácané,408.59
2025-06,Invalidný,Novopriznané,439.6
2025-06,Predčasný starobný,Vyplácané,737.45
2025-06,Predčasný starobný,Novopriznané,662.5
2025-06,Starobný,Vyplácané,659.91
2025-06,Starobný,Novopriznané,664.51
2025-06,Vdovecký,Vyplácané,179.28
2025-06,Vdovecký,Novopriznané,196.31
2025-06,Vdovský,Vyplácané,252.49
2025-06,Vdovský,Novopriznané,308.65
2025-07,Invalidný,Vyplácané,408.71
2025-07,Invalidný,Novopriznané,443.62
2025-07,Predčasný starobný,Vyplácané,734.59
2025-07,Predčasný starobný,Novopriznané,647.66
2025-07,Starobný,Vyplácané,660.21
2025-07,Starobný,Novopriznané,684.61
2025-07,Vdovecký,Vyplácané,179.48
2025-07,Vdovecký,Novopriznané,201.89
2025-07,Vdovský,Vyplácané,252.75
2025-07,Vdovský,Novopriznané,297.69
2025-08,Invalidný,Vyplácané,409.03
2025-08,Invalidný,Novopriznané,431.26
2025-08,Predčasný starobný,Vyplácané,731.13
2025-08,Predčasný starobný,Novopriznané,668.93
2025-08,Starobný,Vyplácané,660.59
2025-08,Starobný,Novopriznané,693.77
2025-08,Vdovecký,Vyplácané,179.55
2025-08,Vdovecký,Novopriznané,199.18
2025-08,Vdovský,Vyplácané,252.89
2025-08,Vdovský,Novopriznané,297.06
2025-09,Invalidný,Vyplácané,409.03
2025-09,Invalidný,Novopriznané,437.06
2025-09,Predčasný starobný,Vyplácané,727.93
2025-09,Predčasný starobný,Novopriznané,697.7
2025-09,Starobný,Vyplácané,660.9
2025-09,Starobný,Novopriznané,699.29
2025-09,Vdovecký,Vyplácané,179.64
2025-09,Vdovecký,Novopriznané,202.69
2025-09,Vdovský,Vyplácané,252.97
2025-09,Vdovský,Novopriznané,299.62
2025-10,Invalidný,Vyplácané,409.05
2025-10,Invalidný,Novopriznané,438.53
2025-10,Predčasný starobný,Vyplácané,725.24
2025-10,Predčasný starobný,Novopriznané,690.16
2025-10,Starobný,Vyplácané,661.26
2025-10,Starobný,Novopriznané,704.39
2025-10,Vdovecký,Vyplácané,179.74
2025-10,Vdovecký,Novopriznané,353.97
2025-10,Vdovský,Vyplácané,253.17
2025-10,Vdovský,Novopriznané,494.32
2025-11,Invalidný,Vyplácané,409.03
2025-11,Invalidný,Novopriznané,435.14
2025-11,Predčasný starobný,Vyplácané,722.91
2025-11,Predčasný starobný,Novopriznané,701.05
2025-11,Starobný,Vyplácané,661.39
2025-11,Starobný,Novopriznané,698.64
2025-11,Vdovecký,Vyplácané,179.86
2025-11,Vdovecký,Novopriznané,214.86
2025-11,Vdovský,Vyplácané,253.34
2025-11,Vdovský,Novopriznané,305.36
2025-12,Invalidný,Vyplácané,408.87
2025-12,Invalidný,Novopriznané,433.01
2025-12,Predčasný starobný,Vyplácané,720.21
2025-12,Predčasný starobný,Novopriznané,686.41
2025-12,Starobný,Vyplácané,661.62
2025-12,Starobný,Novopriznané,686.29
2025-12,Vdovecký,Vyplácané,180.04
2025-12,Vdovecký,Novopriznané,215.73
2025-12,Vdovský,Vyplácané,253.49
2025-12,Vdovský,Novopriznané,320.19
2026-01,Invalidný,Vyplácané,423.79
2026-01,Invalidný,Novopriznané,452.3
2026-01,Predčasný starobný,Vyplácané,744.01
2026-01,Predčasný starobný,Novopriznané,714.04
2026-01,Starobný,Vyplácané,686.28
2026-01,Starobný,Novopriznané,689.76
2026-01,Vdovecký,Vyplácané,186.84
2026-01,Vdovecký,Novopriznané,206.38
2026-01,Vdovský,Vyplácané,263.04
2026-01,Vdovský,Novopriznané,310.68
2026-02,Invalidný,Vyplácané,423.62
2026-02,Invalidný,Novopriznané,447.42
2026-02,Predčasný starobný,Vyplácané,740.12
2026-02,Predčasný starobný,Novopriznané,735.88
2026-02,Starobný,Vyplácané,686.98
2026-02,Starobný,Novopriznané,729.33
2026-02,Vdovecký,Vyplácané,187.37
2026-02,Vdovecký,Novopriznané,204.31
2026-02,Vdovský,Vyplácané,263.55
2026-02,Vdovský,Novopriznané,314.32
2026-03,Invalidný,Vyplácané,423.71
2026-03,Invalidný,Novopriznané,453.39
2026-03,Predčasný starobný,Vyplácané,737.82
2026-03,Predčasný starobný,Novopriznané,719.38
2026-03,Starobný,Vyplácané,687.49
2026-03,Starobný,Novopriznané,786.34
2026-03,Vdovecký,Vyplácané,187.51
2026-03,Vdovecký,Novopriznané,197.94
2026-03,Vdovský,Vyplácané,263.7
2026-03,Vdovský,Novopriznané,308.34
2026-04,Invalidný,Vyplácané,426.94
2026-04,Invalidný,Novopriznané,438.2
2026-04,Predčasný starobný,Vyplácané,738.78
2026-04,Predčasný starobný,Novopriznané,698.75
2026-04,Starobný,Vyplácané,732.05
2026-04,Starobný,Novopriznané,765.9
2026-04,Vdovecký,Vyplácané,336.6
2026-04,Vdovecký,Novopriznané,203.63
2026-04,Vdovský,Vyplácané,400.12
2026-04,Vdovský,Novopriznané,316.91
