mesiac,druh,vydavky_tis_eur
2009-01,Starobný,274993
2009-01,Predčasný starobný,19778
2009-01,Invalidný,47847
2009-01,Vdovský,38663
2009-01,Vdovecký,2687
2009-01,Sirotský,3578
2009-02,Starobný,301302
2009-02,Predčasný starobný,19394
2009-02,Invalidný,52074
2009-02,Vdovský,41888
2009-02,Vdovecký,2933
2009-02,Sirotský,3925
2009-03,Starobný,278298
2009-03,Predčasný starobný,17350
2009-03,Invalidný,47989
2009-03,Vdovský,38675
2009-03,Vdovecký,2724
2009-03,Sirotský,3641
2009-04,Starobný,339114
2009-04,Predčasný starobný,21632
2009-04,Invalidný,58460
2009-04,Vdovský,47164
2009-04,Vdovecký,3330
2009-04,Sirotský,4422
2009-05,Starobný,252967
2009-05,Predčasný starobný,16589
2009-05,Invalidný,43534
2009-05,Vdovský,34854
2009-05,Vdovecký,2463
2009-05,Sirotský,3321
2009-06,Starobný,297653
2009-06,Predčasný starobný,19586
2009-06,Invalidný,51608
2009-06,Vdovský,41104
2009-06,Vdovecký,2925
2009-06,Sirotský,3796
2009-07,Starobný,322736
2009-07,Predčasný starobný,21306
2009-07,Invalidný,56028
2009-07,Vdovský,44366
2009-07,Vdovecký,3184
2009-07,Sirotský,3937
2009-08,Starobný,300694
2009-08,Predčasný starobný,20388
2009-08,Invalidný,52143
2009-08,Vdovský,41334
2009-08,Vdovecký,2969
2009-08,Sirotský,3514
2009-09,Starobný,276955
2009-09,Predčasný starobný,18988
2009-09,Invalidný,47929
2009-09,Vdovský,38084
2009-09,Vdovecký,2757
2009-09,Sirotský,2956
2009-10,Starobný,324958
2009-10,Predčasný starobný,22368
2009-10,Invalidný,56165
2009-10,Vdovský,44698
2009-10,Vdovecký,3245
2009-10,Sirotský,3748
2009-11,Starobný,278074
2009-11,Predčasný starobný,19294
2009-11,Invalidný,48196
2009-11,Vdovský,38189
2009-11,Vdovecký,2807
2009-11,Sirotský,3383
2009-12,Starobný,347639
2009-12,Predčasný starobný,23557
2009-12,Invalidný,60286
2009-12,Vdovský,47789
2009-12,Vdovecký,3542
2009-12,Sirotský,4269
2010-01,Starobný,255329
2010-01,Predčasný starobný,17567
2010-01,Invalidný,44450
2010-01,Vdovský,35205
2010-01,Vdovecký,2643
2010-01,Sirotský,3196
2010-02,Starobný,313914
2010-02,Predčasný starobný,21341
2010-02,Invalidný,54642
2010-02,Vdovský,42973
2010-02,Vdovecký,3251
2010-02,Sirotský,3879
2010-03,Starobný,367760
2010-03,Predčasný starobný,24772
2010-03,Invalidný,64055
2010-03,Vdovský,50345
2010-03,Vdovecký,3802
2010-03,Sirotský,4561
2010-04,Starobný,286756
2010-04,Predčasný starobný,19000
2010-04,Invalidný,49635
2010-04,Vdovský,39058
2010-04,Vdovecký,2983
2010-04,Sirotský,3585
2010-05,Starobný,287992
2010-05,Predčasný starobný,18957
2010-05,Invalidný,50142
2010-05,Vdovský,39198
2010-05,Vdovecký,3026
2010-05,Sirotský,3592
2010-06,Starobný,328615
2010-06,Predčasný starobný,21059
2010-06,Invalidný,57383
2010-06,Vdovský,44451
2010-06,Vdovecký,3420
2010-06,Sirotský,3900
2010-07,Starobný,325219
2010-07,Predčasný starobný,20416
2010-07,Invalidný,56838
2010-07,Vdovský,43976
2010-07,Vdovecký,3389
2010-07,Sirotský,3669
2010-08,Starobný,314527
2010-08,Predčasný starobný,19423
2010-08,Invalidný,55352
2010-08,Vdovský,42179
2010-08,Vdovecký,3270
2010-08,Sirotský,3369
2010-09,Starobný,316686
2010-09,Predčasný starobný,19452
2010-09,Invalidný,55428
2010-09,Vdovský,42410
2010-09,Vdovecký,3291
2010-09,Sirotský,3102
2010-10,Starobný,319121
2010-10,Predčasný starobný,19944
2010-10,Invalidný,56010
2010-10,Vdovský,42688
2010-10,Vdovecký,3313
2010-10,Sirotský,3319
2010-11,Starobný,295180
2010-11,Predčasný starobný,18133
2010-11,Invalidný,51691
2010-11,Vdovský,39229
2010-11,Vdovecký,3082
2010-11,Sirotský,3231
2010-12,Starobný,347083
2010-12,Predčasný starobný,19783
2010-12,Invalidný,60794
2010-12,Vdovský,45981
2010-12,Vdovecký,3614
2010-12,Sirotský,3880
2011-01,Starobný,299881
2011-01,Predčasný starobný,17458
2011-01,Invalidný,52080
2011-01,Vdovský,39734
2011-01,Vdovecký,3134
2011-01,Sirotský,3412
2011-02,Starobný,326193
2011-02,Predčasný starobný,19188
2011-02,Invalidný,57144
2011-02,Vdovský,43159
2011-02,Vdovecký,3443
2011-02,Sirotský,3718
2011-03,Starobný,340090
2011-03,Predčasný starobný,15484
2011-03,Invalidný,59758
2011-03,Vdovský,44852
2011-03,Vdovecký,3592
2011-03,Sirotský,3951
2011-04,Starobný,340910
2011-04,Predčasný starobný,14781
2011-04,Invalidný,59369
2011-04,Vdovský,44947
2011-04,Vdovecký,3655
2011-04,Sirotský,3969
2011-05,Starobný,301758
2011-05,Predčasný starobný,12900
2011-05,Invalidný,53013
2011-05,Vdovský,39605
2011-05,Vdovecký,3263
2011-05,Sirotský,3459
2011-06,Starobný,339542
2011-06,Predčasný starobný,14333
2011-06,Invalidný,59987
2011-06,Vdovský,44659
2011-06,Vdovecký,3681
2011-06,Sirotský,3834
2011-07,Starobný,311493
2011-07,Predčasný starobný,12899
2011-07,Invalidný,54624
2011-07,Vdovský,40999
2011-07,Vdovecký,3359
2011-07,Sirotský,3279
2011-08,Starobný,354638
2011-08,Predčasný starobný,14516
2011-08,Invalidný,62466
2011-08,Vdovský,46510
2011-08,Vdovecký,3840
2011-08,Sirotský,3635
2011-09,Starobný,326624
2011-09,Predčasný starobný,13358
2011-09,Invalidný,57584
2011-09,Vdovský,42884
2011-09,Vdovecký,3570
2011-09,Sirotský,3097
2011-10,Starobný,326793
2011-10,Predčasný starobný,12944
2011-10,Invalidný,57520
2011-10,Vdovský,42973
2011-10,Vdovecký,3591
2011-10,Sirotský,3511
2011-11,Starobný,303708
2011-11,Predčasný starobný,11670
2011-11,Invalidný,53182
2011-11,Vdovský,39796
2011-11,Vdovecký,3355
2011-11,Sirotský,3337
2011-12,Starobný,355271
2011-12,Predčasný starobný,12984
2011-12,Invalidný,62490
2011-12,Vdovský,46544
2011-12,Vdovecký,3911
2011-12,Sirotský,3855
2012-01,Starobný,320163
2012-01,Predčasný starobný,11156
2012-01,Invalidný,56012
2012-01,Vdovský,41699
2012-01,Vdovecký,3543
2012-01,Sirotský,3371
2012-02,Starobný,347188
2012-02,Predčasný starobný,11960
2012-02,Invalidný,60995
2012-02,Vdovský,45225
2012-02,Vdovecký,3842
2012-02,Sirotský,3816
2012-03,Starobný,366667
2012-03,Predčasný starobný,12427
2012-03,Invalidný,64466
2012-03,Vdovský,47575
2012-03,Vdovecký,4056
2012-03,Sirotský,4068
2012-04,Starobný,336997.12
2012-04,Predčasný starobný,11180.32
2012-04,Invalidný,58939.98
2012-04,Vdovský,43675.33
2012-04,Vdovecký,3738.53
2012-04,Sirotský,3743.82
2012-05,Starobný,330432.88
2012-05,Predčasný starobný,10548.68
2012-05,Invalidný,57406.02
2012-05,Vdovský,42457.67
2012-05,Vdovecký,3668.47
2012-05,Sirotský,3635.18
2012-06,Starobný,364832
2012-06,Predčasný starobný,11337
2012-06,Invalidný,63494
2012-06,Vdovský,46846
2012-06,Vdovecký,4042
2012-06,Sirotský,3772
2012-07,Starobný,318724
2012-07,Predčasný starobný,9573
2012-07,Invalidný,55261
2012-07,Vdovský,40681
2012-07,Vdovecký,3519
2012-07,Sirotský,3101
2012-08,Starobný,371457
2012-08,Predčasný starobný,10778
2012-08,Invalidný,64322
2012-08,Vdovský,47254
2012-08,Vdovecký,4092
2012-08,Sirotský,3500
2012-09,Starobný,322026
2012-09,Predčasný starobný,9143
2012-09,Invalidný,55490
2012-09,Vdovský,40771
2012-09,Vdovecký,3554
2012-09,Sirotský,2833
2012-10,Starobný,382873
2012-10,Predčasný starobný,10709
2012-10,Invalidný,65788
2012-10,Vdovský,48442
2012-10,Vdovecký,4236
2012-10,Sirotský,3782
2012-11,Starobný,353456
2012-11,Predčasný starobný,9798
2012-11,Invalidný,60665
2012-11,Vdovský,44766
2012-11,Vdovecký,3971
2012-11,Sirotský,3639
2012-12,Starobný,350924
2012-12,Predčasný starobný,9422
2012-12,Invalidný,60079
2012-12,Vdovský,44452
2012-12,Vdovecký,3907
2012-12,Sirotský,3540
2013-01,Starobný,354378
2013-01,Predčasný starobný,9350
2013-01,Invalidný,59973
2013-01,Vdovský,44567
2013-01,Vdovecký,3987
2013-01,Sirotský,3528
2013-02,Starobný,366258
2013-02,Predčasný starobný,10517
2013-02,Invalidný,62730
2013-02,Vdovský,46096
2013-02,Vdovecký,4146
2013-02,Sirotský,3752
2013-03,Starobný,365540
2013-03,Predčasný starobný,10432
2013-03,Invalidný,62315
2013-03,Vdovský,45993
2013-03,Vdovecký,4152
2013-03,Sirotský,3779
2013-04,Starobný,370283
2013-04,Predčasný starobný,10459
2013-04,Invalidný,63224
2013-04,Vdovský,46394
2013-04,Vdovecký,4186
2013-04,Sirotský,3825
2013-05,Starobný,362902
2013-05,Predčasný starobný,10212
2013-05,Invalidný,62017
2013-05,Vdovský,45517
2013-05,Vdovecký,4147
2013-05,Sirotský,3732
2013-06,Starobný,335562
2013-06,Predčasný starobný,9450
2013-06,Invalidný,57125
2013-06,Vdovský,42125
2013-06,Vdovecký,3909
2013-06,Sirotský,3258
2013-07,Starobný,364655
2013-07,Predčasný starobný,9975
2013-07,Invalidný,61865
2013-07,Vdovský,45573
2013-07,Vdovecký,4198
2013-07,Sirotský,3395
2013-08,Starobný,392773
2013-08,Predčasný starobný,10344
2013-08,Invalidný,66355
2013-08,Vdovský,48932
2013-08,Vdovecký,4471
2013-08,Sirotský,3504
2013-09,Starobný,340773
2013-09,Predčasný starobný,8880
2013-09,Invalidný,57369
2013-09,Vdovský,42236
2013-09,Vdovecký,3904
2013-09,Sirotský,2804
2013-10,Starobný,435072
2013-10,Predčasný starobný,11067
2013-10,Invalidný,73151
2013-10,Vdovský,54030
2013-10,Vdovecký,5017
2013-10,Sirotský,4137
2013-11,Starobný,333262
2013-11,Predčasný starobný,8235
2013-11,Invalidný,55628
2013-11,Vdovský,41379
2013-11,Vdovecký,3823
2013-11,Sirotský,3271
2013-12,Starobný,369714
2013-12,Predčasný starobný,8723
2013-12,Invalidný,61843
2013-12,Vdovský,45860
2013-12,Vdovecký,4237
2013-12,Sirotský,3548
2014-01,Starobný,384350
2014-01,Predčasný starobný,8657
2014-01,Invalidný,63760
2014-01,Vdovský,47208
2014-01,Vdovecký,4457
2014-01,Sirotský,3557
2014-02,Starobný,391127
2014-02,Predčasný starobný,8924
2014-02,Invalidný,63174
2014-02,Vdovský,46836
2014-02,Vdovecký,4462
2014-02,Sirotský,3631
2014-03,Starobný,367466
2014-03,Predčasný starobný,8342
2014-03,Invalidný,58651
2014-03,Vdovský,43548
2014-03,Vdovecký,4259
2014-03,Sirotský,3403
2014-04,Starobný,421868
2014-04,Predčasný starobný,9376
2014-04,Invalidný,67525
2014-04,Vdovský,50264
2014-04,Vdovecký,4881
2014-04,Sirotský,3955
2014-05,Starobný,395627
2014-05,Predčasný starobný,8492
2014-05,Invalidný,63270
2014-05,Vdovský,46906
2014-05,Vdovecký,4517
2014-05,Sirotský,3658
2014-06,Starobný,369472
2014-06,Predčasný starobný,7686
2014-06,Invalidný,59002
2014-06,Vdovský,43714
2014-06,Vdovecký,4249
2014-06,Sirotský,3372
2014-07,Starobný,403434
2014-07,Predčasný starobný,8510
2014-07,Invalidný,64797
2014-07,Vdovský,47934
2014-07,Vdovecký,4598
2014-07,Sirotský,3352
2014-08,Starobný,411341
2014-08,Predčasný starobný,8829
2014-08,Invalidný,65837
2014-08,Vdovský,49025
2014-08,Vdovecký,4659
2014-08,Sirotský,3373
2014-09,Starobný,365156
2014-09,Predčasný starobný,7783
2014-09,Invalidný,58009
2014-09,Vdovský,43394
2014-09,Vdovecký,4186
2014-09,Sirotský,2738
2014-10,Starobný,423545
2014-10,Predčasný starobný,9166
2014-10,Invalidný,67413
2014-10,Vdovský,50189
2014-10,Vdovecký,4824
2014-10,Sirotský,3622
2014-11,Starobný,366132
2014-11,Predčasný starobný,8023
2014-11,Invalidný,58192
2014-11,Vdovský,43653
2014-11,Vdovecký,4227
2014-11,Sirotský,3296
2014-12,Starobný,422581
2014-12,Predčasný starobný,9102
2014-12,Invalidný,67355
2014-12,Vdovský,50274
2014-12,Vdovecký,4907
2014-12,Sirotský,3760
2015-01,Starobný,396406
2015-01,Predčasný starobný,8425
2015-01,Invalidný,62527
2015-01,Vdovský,47136
2015-01,Vdovecký,4572
2015-01,Sirotský,3397
2015-02,Starobný,399707
2015-02,Predčasný starobný,8985
2015-02,Invalidný,63511
2015-02,Vdovský,47421
2015-02,Vdovecký,4659
2015-02,Sirotský,3559
2015-03,Starobný,373886
2015-03,Predčasný starobný,8647
2015-03,Invalidný,59065
2015-03,Vdovský,44229
2015-03,Vdovecký,4378
2015-03,Sirotský,3332
2015-04,Starobný,467694
2015-04,Predčasný starobný,10491
2015-04,Invalidný,73792
2015-04,Vdovský,55129
2015-04,Vdovecký,5365
2015-04,Sirotský,4077
2015-05,Starobný,331624
2015-05,Predčasný starobný,7255
2015-05,Invalidný,51811
2015-05,Vdovský,38858
2015-05,Vdovecký,3845
2015-05,Sirotský,2693
2015-06,Starobný,402974
2015-06,Predčasný starobný,8591
2015-06,Invalidný,63369
2015-06,Vdovský,47284
2015-06,Vdovecký,4647
2015-06,Sirotský,3219
2015-07,Starobný,432714
2015-07,Predčasný starobný,9001
2015-07,Invalidný,67709
2015-07,Vdovský,50516
2015-07,Vdovecký,5001
2015-07,Sirotský,3154
2015-08,Starobný,402176
2015-08,Predčasný starobný,8270
2015-08,Invalidný,62600
2015-08,Vdovský,46932
2015-08,Vdovecký,4634
2015-08,Sirotský,2947
2015-09,Starobný,379128
2015-09,Predčasný starobný,7596
2015-09,Invalidný,58437
2015-09,Vdovský,43720
2015-09,Vdovecký,4353
2015-09,Sirotský,2636
2015-10,Starobný,435961
2015-10,Predčasný starobný,8568
2015-10,Invalidný,66818
2015-10,Vdovský,50304
2015-10,Vdovecký,5014
2015-10,Sirotský,3398
2015-11,Starobný,381547
2015-11,Predčasný starobný,7303
2015-11,Invalidný,58223
2015-11,Vdovský,43939
2015-11,Vdovecký,4372
2015-11,Sirotský,3077
2015-12,Starobný,480710
2015-12,Predčasný starobný,8753
2015-12,Invalidný,73538
2015-12,Vdovský,55201
2015-12,Vdovecký,5512
2015-12,Sirotský,3881
2016-01,Starobný,337648
2016-01,Predčasný starobný,6633
2016-01,Invalidný,52430
2016-01,Vdovský,38493
2016-01,Vdovecký,3872
2016-01,Sirotský,2723
2016-02,Starobný,411555
2016-02,Predčasný starobný,8770
2016-02,Invalidný,64487
2016-02,Vdovský,46676
2016-02,Vdovecký,4746
2016-02,Sirotský,3327
2016-03,Starobný,422032
2016-03,Predčasný starobný,8567
2016-03,Invalidný,65682
2016-03,Vdovský,47731
2016-03,Vdovecký,4883
2016-03,Sirotský,3426
2016-04,Starobný,433606
2016-04,Predčasný starobný,8724
2016-04,Invalidný,67065
2016-04,Vdovský,48901
2016-04,Vdovecký,5039
2016-04,Sirotský,3522
2016-05,Starobný,390178
2016-05,Predčasný starobný,8180
2016-05,Invalidný,60766
2016-05,Vdovský,43650
2016-05,Vdovecký,4599
2016-05,Sirotský,2976
2016-06,Starobný,426423
2016-06,Predčasný starobný,8769
2016-06,Invalidný,66333
2016-06,Vdovský,48161
2016-06,Vdovecký,5077
2016-06,Sirotský,3216
2016-07,Starobný,410084
2016-07,Predčasný starobný,8319
2016-07,Invalidný,63114
2016-07,Vdovský,46174
2016-07,Vdovecký,4856
2016-07,Sirotský,2847
2016-08,Starobný,449225
2016-08,Predčasný starobný,9324
2016-08,Invalidný,69376
2016-08,Vdovský,50737
2016-08,Vdovecký,5414
2016-08,Sirotský,3049
2016-09,Starobný,417179
2016-09,Predčasný starobný,9055
2016-09,Invalidný,63682
2016-09,Vdovský,47283
2016-09,Vdovecký,5026
2016-09,Sirotský,2653
2016-10,Starobný,417772
2016-10,Predčasný starobný,9278
2016-10,Invalidný,64228
2016-10,Vdovský,47278
2016-10,Vdovecký,5064
2016-10,Sirotský,3098
2016-11,Starobný,394119
2016-11,Predčasný starobný,8987
2016-11,Invalidný,60536
2016-11,Vdovský,44732
2016-11,Vdovecký,4858
2016-11,Sirotský,3255
2016-12,Starobný,447581
2016-12,Predčasný starobný,9970
2016-12,Invalidný,68569
2016-12,Vdovský,50663
2016-12,Vdovecký,5494
2016-12,Sirotský,3382
2017-01,Starobný,402640
2017-01,Predčasný starobný,9476
2017-01,Invalidný,60927
2017-01,Vdovský,45560
2017-01,Vdovecký,4969
2017-01,Sirotský,2958
2017-02,Starobný,423802
2017-02,Predčasný starobný,11585
2017-02,Invalidný,64561
2017-02,Vdovský,48088
2017-02,Vdovecký,5215
2017-02,Sirotský,3161
2017-03,Starobný,454917
2017-03,Predčasný starobný,11357
2017-03,Invalidný,69900
2017-03,Vdovský,51468
2017-03,Vdovecký,5640
2017-03,Sirotský,3459
2017-04,Starobný,430768
2017-04,Predčasný starobný,9848
2017-04,Invalidný,65809
2017-04,Vdovský,48399
2017-04,Vdovecký,5318
2017-04,Sirotský,3242
2017-05,Starobný,402196
2017-05,Predčasný starobný,8969
2017-05,Invalidný,62059
2017-05,Vdovský,45209
2017-05,Vdovecký,4991
2017-05,Sirotský,2839
2017-06,Starobný,460334
2017-06,Predčasný starobný,9891
2017-06,Invalidný,70389
2017-06,Vdovský,51889
2017-06,Vdovecký,5686
2017-06,Sirotský,3206
2017-07,Starobný,404043
2017-07,Predčasný starobný,8212
2017-07,Invalidný,60388
2017-07,Vdovský,45109
2017-07,Vdovecký,4958
2017-07,Sirotský,2546
2017-08,Starobný,506908
2017-08,Predčasný starobný,10052
2017-08,Invalidný,75467
2017-08,Vdovský,56724
2017-08,Vdovecký,6240
2017-08,Sirotský,3168
2017-09,Starobný,389129
2017-09,Predčasný starobný,7716
2017-09,Invalidný,57442
2017-09,Vdovský,43272
2017-09,Vdovecký,4759
2017-09,Sirotský,2327
2017-10,Starobný,437860
2017-10,Predčasný starobný,8448
2017-10,Invalidný,64443
2017-10,Vdovský,48498
2017-10,Vdovecký,5403
2017-10,Sirotský,2976
2017-11,Starobný,418808
2017-11,Predčasný starobný,7728
2017-11,Invalidný,61402
2017-11,Vdovský,46401
2017-11,Vdovecký,5206
2017-11,Sirotský,3129
2017-12,Starobný,461065
2017-12,Predčasný starobný,8034
2017-12,Invalidný,67610
2017-12,Vdovský,50709
2017-12,Vdovecký,5701
2017-12,Sirotský,3319
2018-01,Starobný,425415
2018-01,Predčasný starobný,7233
2018-01,Invalidný,61427
2018-01,Vdovský,46493
2018-01,Vdovecký,5245
2018-01,Sirotský,2901
2018-02,Starobný,452121
2018-02,Predčasný starobný,8582
2018-02,Invalidný,64918
2018-02,Vdovský,49294
2018-02,Vdovecký,5550
2018-02,Sirotský,3069
2018-03,Starobný,480203
2018-03,Predčasný starobný,9105
2018-03,Invalidný,68328
2018-03,Vdovský,52007
2018-03,Vdovecký,5887
2018-03,Sirotský,3327
2018-04,Starobný,455566
2018-04,Predčasný starobný,7911
2018-04,Invalidný,65499
2018-04,Vdovský,49186
2018-04,Vdovecký,5569
2018-04,Sirotský,3136
2018-05,Starobný,435580
2018-05,Predčasný starobný,7476
2018-05,Invalidný,63561
2018-05,Vdovský,47020
2018-05,Vdovecký,5387
2018-05,Sirotský,2816
2018-06,Starobný,476721
2018-06,Predčasný starobný,8043
2018-06,Invalidný,69048
2018-06,Vdovský,51577
2018-06,Vdovecký,5866
2018-06,Sirotský,3078
2018-07,Starobný,429107
2018-07,Predčasný starobný,7006
2018-07,Invalidný,61269
2018-07,Vdovský,46158
2018-07,Vdovecký,5285
2018-07,Sirotský,2524
2018-08,Starobný,487731
2018-08,Predčasný starobný,7892
2018-08,Invalidný,69456
2018-08,Vdovský,52417
2018-08,Vdovecký,6009
2018-08,Sirotský,2876
2018-09,Starobný,426819
2018-09,Predčasný starobný,7420
2018-09,Invalidný,60726
2018-09,Vdovský,45869
2018-09,Vdovecký,5282
2018-09,Sirotský,2356
2018-10,Starobný,489823
2018-10,Predčasný starobný,8381
2018-10,Invalidný,70635
2018-10,Vdovský,52859
2018-10,Vdovecký,6144
2018-10,Sirotský,3440
2018-11,Starobný,458558
2018-11,Predčasný starobný,7561
2018-11,Invalidný,65795
2018-11,Vdovský,49565
2018-11,Vdovecký,5791
2018-11,Sirotský,3098
2018-12,Starobný,455098
2018-12,Predčasný starobný,7158
2018-12,Invalidný,65136
2018-12,Vdovský,49197
2018-12,Vdovecký,5700
2018-12,Sirotský,3012
2019-01,Starobný,453060
2019-01,Predčasný starobný,7270
2019-01,Invalidný,64404
2019-01,Vdovský,48753
2019-01,Vdovecký,5652
2019-01,Sirotský,2903
2019-02,Starobný,471461
2019-02,Predčasný starobný,8979
2019-02,Invalidný,66337
2019-02,Vdovský,50641
2019-02,Vdovecký,5929
2019-02,Sirotský,3016
2019-03,Starobný,467589
2019-03,Predčasný starobný,8064
2019-03,Invalidný,65140
2019-03,Vdovský,49737
2019-03,Vdovecký,5806
2019-03,Sirotský,3050
2019-04,Starobný,508764
2019-04,Predčasný starobný,8231
2019-04,Invalidný,70996
2019-04,Vdovský,53962
2019-04,Vdovecký,6320
2019-04,Sirotský,3329
2019-05,Starobný,479653
2019-05,Predčasný starobný,7682
2019-05,Invalidný,68211
2019-05,Vdovský,50890
2019-05,Vdovecký,6065
2019-05,Sirotský,3008
2019-06,Starobný,448202
2019-06,Predčasný starobný,6976
2019-06,Invalidný,62769
2019-06,Vdovský,47500
2019-06,Vdovecký,5599
2019-06,Sirotský,2731
2019-07,Starobný,481776
2019-07,Predčasný starobný,7273
2019-07,Invalidný,67335
2019-07,Vdovský,50787
2019-07,Vdovecký,6012
2019-07,Sirotský,2760
2019-08,Starobný,507550
2019-08,Predčasný starobný,7527
2019-08,Invalidný,69684
2019-08,Vdovský,53705
2019-08,Vdovecký,6344
2019-08,Sirotský,2819
2019-09,Starobný,452435
2019-09,Predčasný starobný,6597
2019-09,Invalidný,62062
2019-09,Vdovský,47590
2019-09,Vdovecký,5636
2019-09,Sirotský,2498
2019-10,Starobný,564648
2019-10,Predčasný starobný,7866
2019-10,Invalidný,77170
2019-10,Vdovský,59645
2019-10,Vdovecký,7156
2019-10,Sirotský,3620
2019-11,Starobný,432567
2019-11,Predčasný starobný,5848
2019-11,Invalidný,59269
2019-11,Vdovský,45404
2019-11,Vdovecký,5452
2019-11,Sirotský,2792
2019-12,Starobný,483616
2019-12,Predčasný starobný,6290
2019-12,Invalidný,66328
2019-12,Vdovský,50724
2019-12,Vdovecký,6067
2019-12,Sirotský,3044
2020-01,Starobný,500605
2020-01,Predčasný starobný,6413
2020-01,Invalidný,67953
2020-01,Vdovský,52498
2020-01,Vdovecký,6293
2020-01,Sirotský,3221
2020-02,Starobný,496210
2020-02,Predčasný starobný,7237
2020-02,Invalidný,67904
2020-02,Vdovský,52106
2020-02,Vdovecký,6267
2020-02,Sirotský,3143
2020-03,Starobný,472283
2020-03,Predčasný starobný,6927
2020-03,Invalidný,63942
2020-03,Vdovský,49186
2020-03,Vdovecký,5916
2020-03,Sirotský,3016
2020-04,Starobný,584764
2020-04,Predčasný starobný,8746
2020-04,Invalidný,79493
2020-04,Vdovský,61065
2020-04,Vdovecký,7354
2020-04,Sirotský,3714
2020-05,Starobný,418005
2020-05,Predčasný starobný,6565
2020-05,Invalidný,56449
2020-05,Vdovský,43245
2020-05,Vdovecký,5197
2020-05,Sirotský,2477
2020-06,Starobný,501799
2020-06,Predčasný starobný,7593
2020-06,Invalidný,67773
2020-06,Vdovský,52060
2020-06,Vdovecký,6235
2020-06,Sirotský,2929
2020-07,Starobný,535493
2020-07,Predčasný starobný,8119
2020-07,Invalidný,72780
2020-07,Vdovský,55306
2020-07,Vdovecký,6652
2020-07,Sirotský,2832
2020-08,Starobný,503503
2020-08,Predčasný starobný,7503
2020-08,Invalidný,67943
2020-08,Vdovský,52239
2020-08,Vdovecký,6309
2020-08,Sirotský,2683
2020-09,Starobný,476343
2020-09,Predčasný starobný,7500
2020-09,Invalidný,64787
2020-09,Vdovský,49235
2020-09,Vdovecký,5980
2020-09,Sirotský,2505
2020-10,Starobný,538516
2020-10,Predčasný starobný,8604
2020-10,Invalidný,73072
2020-10,Vdovský,55665
2020-10,Vdovecký,6750
2020-10,Sirotský,3235
2020-11,Starobný,478595
2020-11,Predčasný starobný,7206
2020-11,Invalidný,64759
2020-11,Vdovský,49540
2020-11,Vdovecký,6027
2020-11,Sirotský,3204
2020-12,Starobný,590946
2020-12,Predčasný starobný,7660
2020-12,Invalidný,78390
2020-12,Vdovský,61066
2020-12,Vdovecký,7403
2020-12,Sirotský,3574
2021-01,Starobný,439183
2021-01,Predčasný starobný,5533
2021-01,Invalidný,57107
2021-01,Vdovský,44880
2021-01,Vdovecký,5444
2021-01,Sirotský,2675
2021-02,Starobný,517542
2021-02,Predčasný starobný,6715
2021-02,Invalidný,67823
2021-02,Vdovský,52933
2021-02,Vdovecký,6439
2021-02,Sirotský,3217
2021-03,Starobný,531649
2021-03,Predčasný starobný,7895
2021-03,Invalidný,68605
2021-03,Vdovský,53746
2021-03,Vdovecký,6500
2021-03,Sirotský,3358
2021-04,Starobný,548608
2021-04,Predčasný starobný,7751
2021-04,Invalidný,70435
2021-04,Vdovský,55037
2021-04,Vdovecký,6664
2021-04,Sirotský,3280
2021-05,Starobný,502958
2021-05,Predčasný starobný,7367
2021-05,Invalidný,64995
2021-05,Vdovský,50172
2021-05,Vdovecký,6126
2021-05,Sirotský,2958
2021-06,Starobný,578885
2021-06,Predčasný starobný,7700
2021-06,Invalidný,69908
2021-06,Vdovský,53934
2021-06,Vdovecký,6654
2021-06,Sirotský,3219
2021-07,Starobný,563505
2021-07,Predčasný starobný,8269
2021-07,Invalidný,72653
2021-07,Vdovský,57090
2021-07,Vdovecký,7075
2021-07,Sirotský,3068
2021-08,Starobný,534038
2021-08,Predčasný starobný,6954
2021-08,Invalidný,67905
2021-08,Vdovský,53994
2021-08,Vdovecký,6715
2021-08,Sirotský,2959
2021-09,Starobný,513206
2021-09,Predčasný starobný,7479
2021-09,Invalidný,65366
2021-09,Vdovský,51795
2021-09,Vdovecký,6470
2021-09,Sirotský,2779
2021-10,Starobný,561207
2021-10,Predčasný starobný,8303
2021-10,Invalidný,71234
2021-10,Vdovský,56656
2021-10,Vdovecký,7072
2021-10,Sirotský,3365
2021-11,Starobný,505125
2021-11,Predčasný starobný,7410
2021-11,Invalidný,64103
2021-11,Vdovský,51123
2021-11,Vdovecký,6400
2021-11,Sirotský,3177
2021-12,Starobný,562380
2021-12,Predčasný starobný,8368
2021-12,Invalidný,72532
2021-12,Vdovský,56843
2021-12,Vdovecký,7144
2021-12,Sirotský,3650
2022-01,Starobný,515384
2022-01,Predčasný starobný,7223
2022-01,Invalidný,65585
2022-01,Vdovský,51733
2022-01,Vdovecký,6536
2022-01,Sirotský,3346
2022-02,Starobný,538119
2022-02,Predčasný starobný,8064
2022-02,Invalidný,67832
2022-02,Vdovský,54394
2022-02,Vdovecký,6872
2022-02,Sirotský,3499
2022-03,Starobný,549398
2022-03,Predčasný starobný,7770
2022-03,Invalidný,68947
2022-03,Vdovský,55515
2022-03,Vdovecký,7035
2022-03,Sirotský,3596
2022-04,Starobný,566845
2022-04,Predčasný starobný,7628
2022-04,Invalidný,70647
2022-04,Vdovský,57114
2022-04,Vdovecký,7257
2022-04,Sirotský,3622
2022-05,Starobný,519419
2022-05,Predčasný starobný,7303
2022-05,Invalidný,65573
2022-05,Vdovský,52096
2022-05,Vdovecký,6698
2022-05,Sirotský,3190
2022-06,Starobný,556366
2022-06,Predčasný starobný,7484
2022-06,Invalidný,69838
2022-06,Vdovský,55861
2022-06,Vdovecký,7183
2022-06,Sirotský,3425
2022-07,Starobný,541858
2022-07,Predčasný starobný,6790
2022-07,Invalidný,66892
2022-07,Vdovský,54234
2022-07,Vdovecký,6936
2022-07,Sirotský,2924
2022-08,Starobný,576284
2022-08,Predčasný starobný,7554
2022-08,Invalidný,71304
2022-08,Vdovský,57794
2022-08,Vdovecký,7392
2022-08,Sirotský,3142
2022-09,Starobný,550438
2022-09,Predčasný starobný,7351
2022-09,Invalidný,67679
2022-09,Vdovský,54931
2022-09,Vdovecký,7042
2022-09,Sirotský,2987
2022-10,Starobný,554864
2022-10,Predčasný starobný,7458
2022-10,Invalidný,67831
2022-10,Vdovský,55306
2022-10,Vdovecký,7217
2022-10,Sirotský,3604
2022-11,Starobný,523539
2022-11,Predčasný starobný,7280
2022-11,Invalidný,64748
2022-11,Vdovský,52246
2022-11,Vdovecký,6736
2022-11,Sirotský,3491
2022-12,Starobný,583008
2022-12,Predčasný starobný,8428
2022-12,Invalidný,72455
2022-12,Vdovský,58240
2022-12,Vdovecký,7509
2022-12,Sirotský,3708
2023-01,Starobný,603645
2023-01,Predčasný starobný,8048
2023-01,Invalidný,74960
2023-01,Vdovský,60169
2023-01,Vdovecký,7829
2023-01,Sirotský,4002
2023-02,Starobný,619189
2023-02,Predčasný starobný,11241
2023-02,Invalidný,76489
2023-02,Vdovský,61866
2023-02,Vdovecký,8039
2023-02,Sirotský,4059
2023-03,Starobný,651037
2023-03,Predčasný starobný,11018
2023-03,Invalidný,80594
2023-03,Vdovský,65728
2023-03,Vdovecký,8611
2023-03,Sirotský,4263
2023-03,Rodičovský,213
2023-04,Starobný,623393
2023-04,Predčasný starobný,10164
2023-04,Invalidný,76106
2023-04,Vdovský,62243
2023-04,Vdovecký,8117
2023-04,Sirotský,3872
2023-04,Rodičovský,14477
2023-05,Starobný,594457
2023-05,Predčasný starobný,10119
2023-05,Invalidný,73522
2023-05,Vdovský,59050
2023-05,Vdovecký,7712
2023-05,Sirotský,3621
2023-05,Rodičovský,247426
2023-06,Starobný,657677
2023-06,Predčasný starobný,10823
2023-06,Invalidný,81070
2023-06,Vdovský,65442
2023-06,Vdovecký,8524
2023-06,Sirotský,3981
2023-06,Rodičovský,7668
2023-07,Starobný,598870
2023-07,Predčasný starobný,9053
2023-07,Invalidný,71362
2023-07,Vdovský,59173
2023-07,Vdovecký,7711
2023-07,Sirotský,3152
2023-07,Rodičovský,2346
2023-08,Starobný,874898
2023-08,Predčasný starobný,15174
2023-08,Invalidný,107697
2023-08,Vdovský,86599
2023-08,Vdovecký,11325
2023-08,Sirotský,4722
2023-08,Rodičovský,6613
2023-09,Starobný,640627
2023-09,Predčasný starobný,12557
2023-09,Invalidný,76536
2023-09,Vdovský,63190
2023-09,Vdovecký,8284
2023-09,Sirotský,3324
2023-09,Rodičovský,3449
2023-10,Starobný,708077
2023-10,Predčasný starobný,14416
2023-10,Invalidný,83229
2023-10,Vdovský,69253
2023-10,Vdovecký,9124
2023-10,Sirotský,4240
2023-10,Rodičovský,2753
2023-11,Starobný,675544
2023-11,Predčasný starobný,14601
2023-11,Invalidný,80978
2023-11,Vdovský,66358
2023-11,Vdovecký,8716
2023-11,Sirotský,4385
2023-11,Rodičovský,780
2023-12,Starobný,728611
2023-12,Predčasný starobný,17389
2023-12,Invalidný,87338
2023-12,Vdovský,71488
2023-12,Vdovecký,9452
2023-12,Sirotský,4491
2023-12,Rodičovský,343
2024-01,Starobný,703113
2024-01,Predčasný starobný,24059
2024-01,Invalidný,85370
2024-01,Vdovský,68605
2024-01,Vdovecký,9030
2024-01,Sirotský,4735
2024-01,Rodičovský,315
2024-02,Starobný,735080
2024-02,Predčasný starobný,32340
2024-02,Invalidný,89477
2024-02,Vdovský,71968
2024-02,Vdovecký,9475
2024-02,Sirotský,4867
2024-02,Rodičovský,210
2024-03,Starobný,756389
2024-03,Predčasný starobný,43094
2024-03,Invalidný,91051
2024-03,Vdovský,73896
2024-03,Vdovecký,9753
2024-03,Sirotský,4786
2024-03,Rodičovský,135
2024-04,Starobný,739957
2024-04,Predčasný starobný,51318
2024-04,Invalidný,89066
2024-04,Vdovský,71583
2024-04,Vdovecký,9515
2024-04,Sirotský,4602
2024-04,Rodičovský,113
2024-05,Starobný,746541
2024-05,Predčasný starobný,52931
2024-05,Invalidný,96148
2024-05,Vdovský,71847
2024-05,Vdovecký,9675
2024-05,Sirotský,4640
2024-05,Rodičovský,15952
2024-06,Starobný,709071
2024-06,Predčasný starobný,35224
2024-06,Invalidný,91143
2024-06,Vdovský,68245
2024-06,Vdovecký,9215
2024-06,Sirotský,4334
2024-06,Rodičovský,295308
2024-07,Starobný,744035
2024-07,Predčasný starobný,37214
2024-07,Invalidný,91638
2024-07,Vdovský,71706
2024-07,Vdovecký,9567
2024-07,Sirotský,3889
2024-07,Rodičovský,593
2024-08,Starobný,776134
2024-08,Predčasný starobný,35483
2024-08,Invalidný,95827
2024-08,Vdovský,75003
2024-08,Vdovecký,10068
2024-08,Sirotský,4045
2024-08,Rodičovský,1303
2024-09,Starobný,710378
2024-09,Predčasný starobný,31368
2024-09,Invalidný,86808
2024-09,Vdovský,68402
2024-09,Vdovecký,9194
2024-09,Sirotský,3780
2024-09,Rodičovský,801
2024-10,Starobný,864896
2024-10,Predčasný starobný,32368
2024-10,Invalidný,105648
2024-10,Vdovský,82774
2024-10,Vdovecký,11127
2024-10,Sirotský,5891
2024-10,Rodičovský,1801
2024-11,Starobný,674157
2024-11,Predčasný starobný,28186
2024-11,Invalidný,80881
2024-11,Vdovský,64669
2024-11,Vdovecký,8706
2024-11,Sirotský,4402
2024-11,Rodičovský,308
2024-11,13. dôchodok,52892
2024-12,Starobný,748385
2024-12,Predčasný starobný,30842
2024-12,Invalidný,87931
2024-12,Vdovský,71859
2024-12,Vdovecký,9761
2024-12,Sirotský,4545
2024-12,Rodičovský,232
2024-12,13. dôchodok,770127
2025-01,Starobný,773320
2025-01,Predčasný starobný,33425
2025-01,Invalidný,92513
2025-01,Vdovský,73939
2025-01,Vdovecký,10050
2025-01,Sirotský,4875
2025-01,Rodičovský,148
2025-01,13. dôchodok,4191
2025-02,Starobný,767952
2025-02,Predčasný starobný,36854
2025-02,Invalidný,89676
2025-02,Vdovský,73181
2025-02,Vdovecký,9875
2025-02,Sirotský,4738
2025-02,Rodičovský,104
2025-02,13. dôchodok,4469
2025-03,Starobný,737202
2025-03,Predčasný starobný,32229
2025-03,Invalidný,88707
2025-03,Vdovský,70231
2025-03,Vdovecký,9534
2025-03,Sirotský,4665
2025-03,Rodičovský,67
2025-03,13. dôchodok,2235
2025-04,Starobný,807357
2025-04,Predčasný starobný,34215
2025-04,Invalidný,97269
2025-04,Vdovský,76943
2025-04,Vdovecký,10464
2025-04,Sirotský,4913
2025-04,Rodičovský,64
2025-04,13. dôchodok,2426
2025-05,Starobný,768930
2025-05,Predčasný starobný,31626
2025-05,Invalidný,92335
2025-05,Vdovský,73645
2025-05,Vdovecký,10043
2025-05,Sirotský,4462
2025-05,Rodičovský,34
2025-05,13. dôchodok,2485
2025-06,Starobný,743599
2025-06,Predčasný starobný,29347
2025-06,Invalidný,88202
2025-06,Vdovský,70401
2025-06,Vdovecký,9596
2025-06,Sirotský,4292
2025-06,Rodičovský,34
2025-06,13. dôchodok,840
2025-07,Starobný,780824
2025-07,Predčasný starobný,29703
2025-07,Invalidný,93005
2025-07,Vdovský,74527
2025-07,Vdovecký,10188
2025-07,Sirotský,3924
2025-07,Rodičovský,25
2025-07,13. dôchodok,648
2025-08,Starobný,764317
2025-08,Predčasný starobný,27581
2025-08,Invalidný,88756
2025-08,Vdovský,72962
2025-08,Vdovecký,9969
2025-08,Sirotský,3752
2025-08,Rodičovský,20
2025-08,13. dôchodok,378
2025-09,Starobný,773506
2025-09,Predčasný starobný,26522
2025-09,Invalidný,90235
2025-09,Vdovský,73663
2025-09,Vdovecký,10111
2025-09,Sirotský,4073
2025-09,Rodičovský,16
2025-09,13. dôchodok,314
2025-10,Starobný,828455
2025-10,Predčasný starobný,26849
2025-10,Invalidný,96428
2025-10,Vdovský,78793
2025-10,Vdovecký,10814
2025-10,Sirotský,5735
2025-10,Rodičovský,17
2025-10,13. dôchodok,416
2025-11,Starobný,737406
2025-11,Predčasný starobný,22773
2025-11,Invalidný,84761
2025-11,Vdovský,70052
2025-11,Vdovecký,9655
2025-11,Sirotský,4599
2025-11,Rodičovský,23
2025-11,13. dôchodok,29328
2025-12,Starobný,833375
2025-12,Predčasný starobný,24584
2025-12,Invalidný,95940
2025-12,Vdovský,79236
2025-12,Vdovecký,10872
2025-12,Sirotský,4997
2025-12,Rodičovský,14
2025-12,13. dôchodok,877986
2026-01,Starobný,807459
2026-01,Predčasný starobný,22606
2026-01,Invalidný,92096
2026-01,Vdovský,76269
2026-01,Vdovecký,10494
2026-01,Sirotský,4917
2026-01,Rodičovský,16
2026-01,13. dôchodok,4021
2026-02,Starobný,816757
2026-02,Predčasný starobný,22758
2026-02,Invalidný,92116
2026-02,Vdovský,76327
2026-02,Vdovecký,10471
2026-02,Sirotský,4974
2026-02,Rodičovský,20
2026-02,13. dôchodok,2399
2026-03,Starobný,799453
2026-03,Predčasný starobný,21352
2026-03,Invalidný,91025
2026-03,Vdovský,75250
2026-03,Vdovecký,10382
2026-03,Sirotský,4901
2026-03,Rodičovský,11
2026-03,13. dôchodok,1562
2026-04,Starobný,912021
2026-04,Predčasný starobný,23133
2026-04,Invalidný,103387
2026-04,Vdovský,85739
2026-04,Vdovecký,11846
2026-04,Sirotský,5379
2026-04,Rodičovský,17
2026-04,13. dôchodok,1200
